,taxon_name_w_authors,v10_accepted_name_w_author,v13_taxon_name_w_authors,v13_chained_accepted_name_w_author,v13_chained_accepted_species_w_author,v13_direct_accepted_name_w_author,v13_direct_accepted_species_w_author,v13_chained_accepted_genus,v13_direct_accepted_genus
9010,Attalea polysticha (Burret) Wess.Boer,Attalea microcarpa Mart.,Attalea microcarpa Mart.,,,Attalea sagotii (Trail ex Thurn) Wess.Boer,Attalea sagotii (Trail ex Thurn) Wess.Boer,,Attalea
9011,Orbignya polysticha Burret,Attalea microcarpa Mart.,Attalea microcarpa Mart.,,,Attalea sagotii (Trail ex Thurn) Wess.Boer,Attalea sagotii (Trail ex Thurn) Wess.Boer,,Attalea
9012,Attalea sagotii (Trail ex Thurn) Wess.Boer,Attalea microcarpa Mart.,Attalea microcarpa Mart.,,,Attalea sagotii (Trail ex Thurn) Wess.Boer,Attalea sagotii (Trail ex Thurn) Wess.Boer,,Attalea
9013,Orbignya sabulosa Barb.Rodr.,Attalea microcarpa Mart.,Attalea microcarpa Mart.,,,Attalea sagotii (Trail ex Thurn) Wess.Boer,Attalea sagotii (Trail ex Thurn) Wess.Boer,,Attalea
9014,Attalea agrestis Barb.Rodr.,Attalea microcarpa Mart.,Attalea microcarpa Mart.,,,Attalea sagotii (Trail ex Thurn) Wess.Boer,Attalea sagotii (Trail ex Thurn) Wess.Boer,,Attalea
9015,Orbignya sagotii Trail ex Thurn,Attalea microcarpa Mart.,Attalea microcarpa Mart.,,,Attalea sagotii (Trail ex Thurn) Wess.Boer,Attalea sagotii (Trail ex Thurn) Wess.Boer,,Attalea
32023,Eugenia doniana O.Berg,Eugenia stictopetala DC.,Eugenia stictopetala DC.,Eugenia stictopetala DC.,Eugenia stictopetala DC.,Myrcia doniana O.Berg,Myrcia doniana O.Berg,Eugenia,Myrcia
55900,Dipladenia tetradenia Rusby,Odontadenia lutea (Vell.) Markgr.,Odontadenia lutea (Vell.) Markgr.,Odontadenia lutea (Vell.) Markgr.,Odontadenia lutea (Vell.) Markgr.,Mandevilla alexicaca (Mart. ex Stadelm.) J.F.Morales & A.Fuentes,Mandevilla alexicaca (Mart. ex Stadelm.) J.F.Morales & A.Fuentes,Odontadenia,Mandevilla
56008,Angraecum pescatorianum Lindl.,Oeoniella polystachys (Thouars) Schltr.,Oeoniella polystachys (Thouars) Schltr.,Oeoniella polystachys (Thouars) Schltr.,Oeoniella polystachys (Thouars) Schltr.,Listrostachys pertusa (Lindl.) Rchb.f.,Listrostachys pertusa (Lindl.) Rchb.f.,Oeoniella,Listrostachys
77205,Eugenia tenuiramis Miq.,Syzygium zeylanicum (L.) DC.,Syzygium zeylanicum (L.) DC.,Syzygium zeylanicum (L.) DC.,Syzygium zeylanicum (L.) DC.,Eugenia egensis DC.,Eugenia egensis DC.,Syzygium,Eugenia
77211,Eugenia egensis var. tenuiramis (Miq.) O.Berg,Syzygium zeylanicum (L.) DC.,Syzygium zeylanicum (L.) DC.,Syzygium zeylanicum (L.) DC.,Syzygium zeylanicum (L.) DC.,Eugenia egensis DC.,Eugenia egensis DC.,Syzygium,Eugenia
82250,Metrosideros pictipetala Blanco,Xanthostemon verus (Roxb.) Peter G.Wilson,Xanthostemon verus (Roxb.) Peter G.Wilson,Xanthostemon verus (Roxb.) Peter G.Wilson,Xanthostemon verus (Roxb.) Peter G.Wilson,Decaspermum parviflorum subsp. parviflorum,Decaspermum parviflorum (Lam.) A.J.Scott,Xanthostemon,Decaspermum
83057,Restrepia liebmanniana Kraenzl.,Acianthera strupifolia (Lindl.) Pridgeon & M.W.Chase,Acianthera strupifolia (Lindl.) Pridgeon & M.W.Chase,Acianthera strupifolia (Lindl.) Pridgeon & M.W.Chase,Acianthera strupifolia (Lindl.) Pridgeon & M.W.Chase,Andreettaea marginata (Rich.) A.Doucette,Andreettaea marginata (Rich.) A.Doucette,Acianthera,Andreettaea
95334,Nidularium lindenii Regel,Hohenbergia augusta (Vell.) É.Morren,Hohenbergia augusta (Vell.) É.Morren,Hohenbergia augusta (Vell.) É.Morren,Hohenbergia augusta (Vell.) É.Morren,Edmundoa lindenii (Regel) Leme,Edmundoa lindenii (Regel) Leme,Hohenbergia,Edmundoa
119456,Ixia striata Vahl,Ixia latifolia D.Delaroche,Ixia latifolia D.Delaroche,Ixia latifolia D.Delaroche,Ixia latifolia D.Delaroche,Tritonia gladiolaris (Lam.) Goldblatt & J.C.Manning,Tritonia gladiolaris (Lam.) Goldblatt & J.C.Manning,Ixia,Tritonia
122377,Retzia campanuloides (L.f.) Spreng.,Retzia capensis Thunb.,Retzia capensis Thunb.,Retzia capensis Thunb.,Retzia capensis Thunb.,Prismatocarpus campanuloides (L.f.) Sond.,Prismatocarpus campanuloides (L.f.) Sond.,Retzia,Prismatocarpus
122379,Retzia roelloides (L.f.) Spreng.,Retzia capensis Thunb.,Retzia capensis Thunb.,Retzia capensis Thunb.,Retzia capensis Thunb.,Prismatocarpus pedunculatus (P.J.Bergius) A.DC.,Prismatocarpus pedunculatus (P.J.Bergius) A.DC.,Retzia,Prismatocarpus
123525,Zingiber truncatum Stokes,Zingiber zerumbet subsp. zerumbet,Zingiber zerumbet subsp. zerumbet,Zingiber zerumbet subsp. zerumbet,Zingiber zerumbet (L.) Roscoe ex Sm.,Curcuma zedoaria (Christm.) Roscoe,Curcuma zedoaria (Christm.) Roscoe,Zingiber,Curcuma
159381,Eria merrillii Ames,Pinalia ovata (Lindl.) W.Suarez & Cootes,Pinalia ovata (Lindl.) W.Suarez & Cootes,Pinalia ovata (Lindl.) W.Suarez & Cootes,Pinalia ovata (Lindl.) W.Suarez & Cootes,Eria cochleata Lindl.,Eria cochleata Lindl.,Pinalia,Eria
168775,Triticum glaucum Honck.,Thinopyrum intermedium subsp. intermedium,Thinopyrum intermedium subsp. intermedium,Thinopyrum intermedium subsp. intermedium,Thinopyrum intermedium (Host) Barkworth & D.R.Dewey,Triticum turgidum subsp. polonicum (L.) Thell.,Triticum turgidum L.,Thinopyrum,Triticum
171920,Paepalanthus saxicola var. pilosus Moldenke,Syngonanthus saxicola (Körn.) Trovó & Stützel,Syngonanthus saxicola (Körn.) Trovó & Stützel,Syngonanthus saxicola (Körn.) Trovó & Stützel,Syngonanthus saxicola (Körn.) Trovó & Stützel,Paepalanthus amphibius Trovó,Paepalanthus amphibius Trovó,Syngonanthus,Paepalanthus
173619,Hordeum sieberianum Besser,Triticum aestivum subsp. compactum (Host) H.Messik.,Triticum aestivum subsp. compactum (Host) H.Messik.,Triticum aestivum subsp. compactum (Host) H.Messik.,Triticum aestivum L.,Hordeum bulbosum L.,Hordeum bulbosum L.,Triticum,Hordeum
182648,Festuca yvesii subsp. bellottii (Auquier & Kerguélen) Kerguélen,"Lolium font-queri (St.-Yves) Banfi, Galasso, Foggi, Kopecký & Ardenghi","Lolium font-queri (St.-Yves) Banfi, Galasso, Foggi, Kopecký & Ardenghi","Lolium font-queri (St.-Yves) Banfi, Galasso, Foggi, Kopecký & Ardenghi","Lolium font-queri (St.-Yves) Banfi, Galasso, Foggi, Kopecký & Ardenghi",Festuca billyi Kerguélen & Plonka,Festuca billyi Kerguélen & Plonka,Lolium,Festuca
182650,Festuca durissima subsp. bellottii Auquier & Kerguélen,"Lolium font-queri (St.-Yves) Banfi, Galasso, Foggi, Kopecký & Ardenghi","Lolium font-queri (St.-Yves) Banfi, Galasso, Foggi, Kopecký & Ardenghi","Lolium font-queri (St.-Yves) Banfi, Galasso, Foggi, Kopecký & Ardenghi","Lolium font-queri (St.-Yves) Banfi, Galasso, Foggi, Kopecký & Ardenghi",Festuca billyi Kerguélen & Plonka,Festuca billyi Kerguélen & Plonka,Lolium,Festuca
183847,Stachytarpheta fiebrigii Moldenke,Citharexylum amabile (Bocq.) Christenh. & Byng,Citharexylum amabile (Bocq.) Christenh. & Byng,Citharexylum amabile (Bocq.) Christenh. & Byng,Citharexylum amabile (Bocq.) Christenh. & Byng,Stachytarpheta fiebrigii Moldenke,Stachytarpheta fiebrigii Moldenke,Citharexylum,Stachytarpheta
193284,Lobivia acanthoplegma var. oligotricha (Cárdenas) Gertel & R.Wahl,Lobivia cinnabarina (Hook.) Britton & Rose,Lobivia cinnabarina (Hook.) Britton & Rose,Lobivia cinnabarina (Hook.) Britton & Rose,Lobivia cinnabarina (Hook.) Britton & Rose,Echinopsis oligotricha (Cárdenas) M.Lowry,Echinopsis oligotricha (Cárdenas) M.Lowry,Lobivia,Echinopsis
207656,Ocotea minarum var. canescens (Meisn.) Mez,Ocotea minarum (Nees & Mart.) Mez,Ocotea minarum (Nees & Mart.) Mez,Ocotea minarum (Nees & Mart.) Mez,Ocotea minarum (Nees & Mart.) Mez,Nectandra psammophila Nees & Mart.,Nectandra psammophila Nees & Mart.,Ocotea,Nectandra
212717,Turraea thouarsiana (Baill.) Cavaco & Keraudren,Olax psittacorum (Lam.) Vahl,Olax psittacorum (Lam.) Vahl,Olax psittacorum (Lam.) Vahl,Olax psittacorum (Lam.) Vahl,Turraea thouarsiana (Baill.) Cavaco & Keraudren,Turraea thouarsiana (Baill.) Cavaco & Keraudren,Olax,Turraea
212720,Olax thouarsiana Baill.,Olax psittacorum (Lam.) Vahl,Olax psittacorum (Lam.) Vahl,Olax psittacorum (Lam.) Vahl,Olax psittacorum (Lam.) Vahl,Turraea thouarsiana (Baill.) Cavaco & Keraudren,Turraea thouarsiana (Baill.) Cavaco & Keraudren,Olax,Turraea
219002,Phellopterus jonesii (J.M.Coult. & Rose) Rydb.,Rhysopterus plurijugus J.M.Coult. & Rose,Rhysopterus plurijugus J.M.Coult. & Rose,Rhysopterus plurijugus J.M.Coult. & Rose,Rhysopterus plurijugus J.M.Coult. & Rose,Cymopterus coulteri (M.E.Jones) Mathias,Cymopterus coulteri (M.E.Jones) Mathias,Rhysopterus,Cymopterus
219005,Rhysopterus jonesii J.M.Coult. & Rose,Rhysopterus plurijugus J.M.Coult. & Rose,Rhysopterus plurijugus J.M.Coult. & Rose,Rhysopterus plurijugus J.M.Coult. & Rose,Rhysopterus plurijugus J.M.Coult. & Rose,Cymopterus coulteri (M.E.Jones) Mathias,Cymopterus coulteri (M.E.Jones) Mathias,Rhysopterus,Cymopterus
220978,Helianthemum racemosum (L.) Pau,Tuberaria guttata (L.) Fourr.,Tuberaria guttata (L.) Fourr.,Tuberaria guttata (L.) Fourr.,Tuberaria guttata (L.) Fourr.,Helianthemum violaceum subsp. violaceum,Helianthemum violaceum (Cav.) Pers.,Tuberaria,Helianthemum
221009,Helianthemum variabile Spach,Tuberaria guttata (L.) Fourr.,Tuberaria guttata (L.) Fourr.,Tuberaria guttata (L.) Fourr.,Tuberaria guttata (L.) Fourr.,Helianthemum apenninum (L.) Mill.,Helianthemum apenninum (L.) Mill.,Tuberaria,Helianthemum
230047,Viola tricolor var. polychroma (A.Kern.) Gams,Viola L.,Viola L.,Viola L.,,Viola tricolor subsp. subalpina Gaudin,Viola tricolor L.,,Viola
235226,Alsine rotundifolia (Poir.) Macloskie,Stellaria debilis d'Urv.,Stellaria debilis d'Urv.,Stellaria debilis d'Urv.,Stellaria debilis d'Urv.,Drymaria cordata (L.) Willd. ex Schult.,Drymaria cordata (L.) Willd. ex Schult.,Stellaria,Drymaria
235227,Stellaria rotundifolia Poir.,Stellaria debilis d'Urv.,Stellaria debilis d'Urv.,Stellaria debilis d'Urv.,Stellaria debilis d'Urv.,Drymaria cordata (L.) Willd. ex Schult.,Drymaria cordata (L.) Willd. ex Schult.,Stellaria,Drymaria
235228,Drymaria rotundifolia (Poir.) Har.,Stellaria debilis d'Urv.,Stellaria debilis d'Urv.,Stellaria debilis d'Urv.,Stellaria debilis d'Urv.,Drymaria cordata (L.) Willd. ex Schult.,Drymaria cordata (L.) Willd. ex Schult.,Stellaria,Drymaria
236852,Spergularia nobreana Samp.,Sagina hawaiensis Pax,Sagina hawaiensis Pax,Sagina hawaiensis Pax,Sagina hawaiensis Pax,Spergularia media subsp. media,Spergularia media (L.) C.Presl,Sagina,Spergularia
240691,Statice ciliata (Lange) Rothm.,Limonium durieui (Girard) Kuntze,Limonium durieui (Girard) Kuntze,Limonium durieui (Girard) Kuntze,Limonium durieui (Girard) Kuntze,Armeria ciliata (Lange) Nieto Fel.,Armeria ciliata (Lange) Nieto Fel.,Limonium,Armeria
244058,Malva spicata L.,Malvastrum americanum (L.) Torr.,Malvastrum americanum (L.) Torr.,Malvastrum americanum (L.) Torr.,Malvastrum americanum (L.) Torr.,Melochia spicata (L.) Fryxell,Melochia spicata (L.) Fryxell,Malvastrum,Melochia
253862,Dendrophthoe heyneanus Blume,Psittacanthus cucullaris (Lam.) G.Don,Psittacanthus cucullaris (Lam.) G.Don,Psittacanthus cucullaris (Lam.) G.Don,Psittacanthus cucullaris (Lam.) G.Don,Taxillus heyneanus (Schult. & Schult.f.) Danser,Taxillus heyneanus (Schult. & Schult.f.) Danser,Psittacanthus,Taxillus
254058,Dolichos stipulaceus Lam.,Pueraria montana var. lobata (Willd.) Maesen & S.M.Almeida ex Sanjappa & Predeep,Pueraria montana var. lobata (Willd.) Maesen & S.M.Almeida ex Sanjappa & Predeep,Pueraria montana var. lobata (Willd.) Maesen & S.M.Almeida ex Sanjappa & Predeep,Pueraria montana (Lour.) Merr.,Vigna stipulacea (Lam.) Kuntze,Vigna stipulacea (Lam.) Kuntze,Pueraria,Vigna
255656,Paullinia grandiflora Cambess.,Paullinia pinnata L.,Paullinia pinnata L.,Paullinia pinnata L.,Paullinia pinnata L.,Serjania erecta Radlk.,Serjania erecta Radlk.,Paullinia,Serjania
272245,Stauracanthus aphyllus f. spartioides (Webb) Samp.,Stauracanthus genistoides (Brot.) Samp.,Stauracanthus genistoides (Brot.) Samp.,Stauracanthus genistoides (Brot.) Samp.,Stauracanthus genistoides (Brot.) Samp.,Ulex minor Roth,Ulex minor Roth,Stauracanthus,Ulex
272248,Stauracanthus genistoides f. spartioides (Webb) Samp.,Stauracanthus genistoides (Brot.) Samp.,Stauracanthus genistoides (Brot.) Samp.,Stauracanthus genistoides (Brot.) Samp.,Stauracanthus genistoides (Brot.) Samp.,Ulex minor Roth,Ulex minor Roth,Stauracanthus,Ulex
272253,Ulex genistoides f. spartioides (Webb) C.Vicioso,Stauracanthus genistoides (Brot.) Samp.,Stauracanthus genistoides (Brot.) Samp.,Stauracanthus genistoides (Brot.) Samp.,Stauracanthus genistoides (Brot.) Samp.,Ulex minor Roth,Ulex minor Roth,Stauracanthus,Ulex
272254,Ulex genistoides var. spartioides (Webb) C.Vicioso,Stauracanthus genistoides (Brot.) Samp.,Stauracanthus genistoides (Brot.) Samp.,Stauracanthus genistoides (Brot.) Samp.,Stauracanthus genistoides (Brot.) Samp.,Ulex minor Roth,Ulex minor Roth,Stauracanthus,Ulex
285930,Aniba megacarpa Hemsl.,Aniba canelilla (Kunth) Mez,Aniba canelilla (Kunth) Mez,Aniba canelilla (Kunth) Mez,Aniba canelilla (Kunth) Mez,Licaria cannella subsp. cannella,Licaria cannella (Meisn.) Kosterm.,Aniba,Licaria
300576,Brassica nigra var. laevigata (DC.) Alef.,Brassica carinata A.Braun,Brassica carinata A.Braun,Mutarda carinata (A.Braun) D.A.German,Mutarda carinata (A.Braun) D.A.German,Erucastrum strigosum (Thunb.) O.E.Schulz,Erucastrum strigosum (Thunb.) O.E.Schulz,Mutarda,Erucastrum
314438,Brassica mesopotamica (Spreng.) Bernh.,"Coincya tournefortii (Gouan) Alcaraz, T.E.Díaz, Rivas Mart. & Sánchez-Gómez","Coincya tournefortii (Gouan) Alcaraz, T.E.Díaz, Rivas Mart. & Sánchez-Gómez","Coincya tournefortii (Gouan) Alcaraz, T.E.Díaz, Rivas Mart. & Sánchez-Gómez","Coincya tournefortii (Gouan) Alcaraz, T.E.Díaz, Rivas Mart. & Sánchez-Gómez",Mutarda arvensis (L.) D.A.German,Mutarda arvensis (L.) D.A.German,Coincya,Mutarda
317044,Lithocardium macranthum (Cham.) Kuntze,Cordia macrantha Chodat,Cordia macrantha Chodat,Cordia alliodora (Ruiz & Pav.) Oken,Cordia alliodora (Ruiz & Pav.) Oken,Varronia paucidentata (Fresen.) Friesen,Varronia paucidentata (Fresen.) Friesen,Cordia,Varronia
319373,Luffa cylindrica var. multiflora (Spreng.) Domin,Cucumis melo L.,Cucumis melo L.,Cucumis melo L.,Cucumis melo L.,Luffa aegyptiaca Mill.,Luffa aegyptiaca Mill.,Cucumis,Luffa
319617,Luffa arabum Steud.,Cucumis melo L.,Cucumis melo L.,Cucumis melo L.,Cucumis melo L.,Luffa aegyptiaca Mill.,Luffa aegyptiaca Mill.,Cucumis,Luffa
319636,Luffa jacquinii Schrad.,Cucumis melo L.,Cucumis melo L.,Cucumis melo L.,Cucumis melo L.,Luffa aegyptiaca Mill.,Luffa aegyptiaca Mill.,Cucumis,Luffa
319642,Luffa hederacea Wall. ex G.Don,Cucumis melo L.,Cucumis melo L.,Cucumis melo L.,Cucumis melo L.,Luffa aegyptiaca Mill.,Luffa aegyptiaca Mill.,Cucumis,Luffa
319646,Luffa foetida Schrad.,Cucumis melo L.,Cucumis melo L.,Cucumis melo L.,Cucumis melo L.,Luffa aegyptiaca Mill.,Luffa aegyptiaca Mill.,Cucumis,Luffa
319653,Luffa striata Schrad.,Cucumis melo L.,Cucumis melo L.,Cucumis melo L.,Cucumis melo L.,Luffa aegyptiaca Mill.,Luffa aegyptiaca Mill.,Cucumis,Luffa
319659,Luffa veitchii Naudin,Cucumis melo L.,Cucumis melo L.,Cucumis melo L.,Cucumis melo L.,Luffa aegyptiaca Mill.,Luffa aegyptiaca Mill.,Cucumis,Luffa
319662,Luffa vittata Zipp. ex Span.,Cucumis melo L.,Cucumis melo L.,Cucumis melo L.,Cucumis melo L.,Luffa aegyptiaca Mill.,Luffa aegyptiaca Mill.,Cucumis,Luffa
319666,Luffa luffa (L.) A.Lyons,Cucumis melo L.,Cucumis melo L.,Cucumis melo L.,Cucumis melo L.,Luffa aegyptiaca Mill.,Luffa aegyptiaca Mill.,Cucumis,Luffa
319670,Luffa satpatia Buch.-Ham. ex G.Don,Cucumis melo L.,Cucumis melo L.,Cucumis melo L.,Cucumis melo L.,Luffa aegyptiaca Mill.,Luffa aegyptiaca Mill.,Cucumis,Luffa
319674,Luffa parvala Buch.-Ham.,Cucumis melo L.,Cucumis melo L.,Cucumis melo L.,Cucumis melo L.,Luffa aegyptiaca Mill.,Luffa aegyptiaca Mill.,Cucumis,Luffa
319678,Luffa scabra Schumach. & Thonn.,Cucumis melo L.,Cucumis melo L.,Cucumis melo L.,Cucumis melo L.,Luffa aegyptiaca Mill.,Luffa aegyptiaca Mill.,Cucumis,Luffa
319682,Luffa racemosa Roxb.,Cucumis melo L.,Cucumis melo L.,Cucumis melo L.,Cucumis melo L.,Luffa aegyptiaca Mill.,Luffa aegyptiaca Mill.,Cucumis,Luffa
319689,Luffa clavata Roxb.,Cucumis melo L.,Cucumis melo L.,Cucumis melo L.,Cucumis melo L.,Luffa aegyptiaca Mill.,Luffa aegyptiaca Mill.,Cucumis,Luffa
319693,Luffa cordata Meisn. ex M.Roem.,Cucumis melo L.,Cucumis melo L.,Cucumis melo L.,Cucumis melo L.,Luffa aegyptiaca Mill.,Luffa aegyptiaca Mill.,Cucumis,Luffa
321564,Didymocarpus pallidus Kraenzl.,Cyrtandra copelandii Elmer,Cyrtandra copelandii Elmer,Rhynchotechum copelandii (Elmer) Merr.,Rhynchotechum copelandii (Elmer) Merr.,Cyrtandra edanoi Olivar & Pelser,Cyrtandra edanoi Olivar & Pelser,Rhynchotechum,Cyrtandra
324795,Annona laevigata Mart.,Desmos chinensis Lour.,Desmos chinensis Lour.,Desmos chinensis Lour.,Desmos chinensis Lour.,Xylopia laevigata (Mart.) R.E.Fr.,Xylopia laevigata (Mart.) R.E.Fr.,Desmos,Xylopia
326539,Babactes oblongifolia (Roxb.) DC.,Didymocarpus acuminatus R.Br.,Didymocarpus acuminatus R.Br.,Didymocarpus acuminatus R.Br.,Didymocarpus acuminatus R.Br.,Henckelia oblongifolia (Roxb.) D.J.Middleton & Mich.Möller,Henckelia oblongifolia (Roxb.) D.J.Middleton & Mich.Möller,Didymocarpus,Henckelia
330382,Ehretia indica (Dennst. ex Kostel.) M.R.Almeida & S.M.Almeida,Ehretia aspera Willd.,Ehretia aspera Willd.,Ehretia aspera Willd.,Ehretia aspera Willd.,Blachia umbellata (Willd.) Baill.,Blachia umbellata (Willd.) Baill.,Ehretia,Blachia
334551,Cactus berteroi Colla,Eriosyce subgibbosa (Haw.) Katt.,Eriosyce subgibbosa (Haw.) Katt.,Eriosyce subgibbosa (Haw.) Katt.,Eriosyce subgibbosa (Haw.) Katt.,Cumulopuntia berteroi (Colla) F.Ritter,Cumulopuntia berteroi (Colla) F.Ritter,Eriosyce,Cumulopuntia
334972,Brassica purpurascens Banks & Sol.,Erucaria hispanica (L.) Druce,Erucaria hispanica (L.) Druce,Erucaria hispanica (L.) Druce,Erucaria hispanica (L.) Druce,Chorispora purpurascens (Banks & Sol.) Eig,Chorispora purpurascens (Banks & Sol.) Eig,Erucaria,Chorispora
347250,Guioa chrysantha Radlk.,Guioa semiglauca (F.Muell.) Radlk.,Guioa semiglauca (F.Muell.) Radlk.,Guioa semiglauca (F.Muell.) Radlk.,Guioa semiglauca (F.Muell.) Radlk.,Toechima dasyrrhache Radlk.,Toechima dasyrrhache Radlk.,Guioa,Toechima
348872,Hebenstretia fruticosa L.f.,Hebenstretia dentata L.,Hebenstretia dentata L.,Hebenstretia dentata L.,Hebenstretia dentata L.,Dischisma fruticosum (L.f.) Rolfe,Dischisma fruticosum (L.f.) Rolfe,Hebenstretia,Dischisma
355020,Indigofera enneaphylla L.,Indigofera tsiangiana Metcalf,Indigofera tsiangiana Metcalf,Indigofera tsiangiana Metcalf,Indigofera tsiangiana Metcalf,Psoralea pinnata L.,Psoralea pinnata L.,Indigofera,Psoralea
363003,Polygala caripensis Turcz.,Asemeia violacea (Aubl.) J.F.B.Pastore & J.R.Abbott,Asemeia violacea (Aubl.) J.F.B.Pastore & J.R.Abbott,Asemeia violacea (Aubl.) J.F.B.Pastore & J.R.Abbott,Asemeia violacea (Aubl.) J.F.B.Pastore & J.R.Abbott,Senega paniculata (L.) J.F.B.Pastore & J.R.Abbott,Senega paniculata (L.) J.F.B.Pastore & J.R.Abbott,Asemeia,Senega
368212,Galatella tenuifolia Lindl. ex DC.,Cosmos bipinnatus Cav.,Cosmos bipinnatus Cav.,Cosmos bipinnatus Cav.,Cosmos bipinnatus Cav.,Galatella hauptii (Ledeb.) Lindl. ex DC.,Galatella hauptii (Ledeb.) Lindl. ex DC.,Cosmos,Galatella
385628,× Sorbaronia dippelii var. superaria C.K.Schneid.,× Aroniaria dippelii (Zabel) Mezhenskyj,× Aroniaria dippelii (Zabel) Mezhenskyj,× Aroniaria dippelii (Zabel) Mezhenskyj,× Aroniaria dippelii (Zabel) Mezhenskyj,Aria edulis (Willd.) M.Roem.,Aria edulis (Willd.) M.Roem.,× Aroniaria,Aria
385739,Robinia pyramidata Mill.,Cenostigma gaumeri (Greenm.) Gagnon & G.P.Lewis,Cenostigma gaumeri (Greenm.) Gagnon & G.P.Lewis,Cenostigma gaumeri (Greenm.) Gagnon & G.P.Lewis,Cenostigma gaumeri (Greenm.) Gagnon & G.P.Lewis,Erythrostemon yucatanensis var. yucatanensis,Erythrostemon yucatanensis (Greenm.) Gagnon & G.P.Lewis,Cenostigma,Erythrostemon
386898,Lobivia chrysacantha (Backeb.) H.P.Kelsey & Dayton,Echinopsis jajoana (Backeb.) Blossf.,Echinopsis jajoana (Backeb.) Blossf.,Echinopsis jajoana (Backeb.) Blossf.,Echinopsis jajoana (Backeb.) Blossf.,Rebutia minuscula var. minuscula,Rebutia minuscula K.Schum.,Echinopsis,Rebutia
388094,Minuartia arctica var. hondoensis Ohwi,Cherleria arctica (Steven ex Ser.) A.J.Moore & Dillenb.,Cherleria arctica (Steven ex Ser.) A.J.Moore & Dillenb.,Cherleria arctica (Steven ex Ser.) A.J.Moore & Dillenb.,Cherleria arctica (Steven ex Ser.) A.J.Moore & Dillenb.,Minuartia hondoensis (Ohwi) Ohwi,Minuartia hondoensis (Ohwi) Ohwi,Cherleria,Minuartia
391556,Monochaetum canescens (Bonpl.) J.F.Macbr.,Monochaetum bonplandii (Kunth) Naudin,Monochaetum bonplandii (Kunth) Naudin,Monochaetum bonplandii (Kunth) Naudin,Monochaetum bonplandii (Kunth) Naudin,Brachyotum ledifolium (Desr.) Triana,Brachyotum ledifolium (Desr.) Triana,Monochaetum,Brachyotum
396946,Arctium intermedium Lange,Cousinia chlorocephala C.A.Mey. ex DC.,Cousinia chlorocephala C.A.Mey. ex DC.,Cousinia chlorocephala C.A.Mey. ex DC.,Cousinia chlorocephala C.A.Mey. ex DC.,Arctium nemorosum Lej.,Arctium nemorosum Lej.,Cousinia,Arctium
398016,Carthamus lanatus var. baeticus (Boiss. & Reut.) Cout.,Carthamus lanatus subsp. lanatus,Carthamus lanatus subsp. lanatus,,,Carthamus creticus L.,Carthamus creticus L.,,Carthamus
398017,Carthamus lanatus subsp. baeticus (Boiss. & Reut.) Nyman,Carthamus lanatus subsp. lanatus,Carthamus lanatus subsp. lanatus,,,Carthamus creticus L.,Carthamus creticus L.,,Carthamus
398026,Centaurea lanata (L.) Lam. & DC.,Carthamus lanatus subsp. lanatus,Carthamus lanatus subsp. lanatus,,,Phonus lanatus (L.) Hill,Phonus lanatus (L.) Hill,,Phonus
398354,Vernonia bolleana Sch.Bip.,Bolanosa coulteri A.Gray,Bolanosa coulteri A.Gray,Bolanosa coulteri A.Gray,Bolanosa coulteri A.Gray,Vernonia bolleana Sch.Bip.,Vernonia bolleana Sch.Bip.,Bolanosa,Vernonia
401237,Vernonia andohii C.D.Adams,Brenandendron donianum (DC.) H.Rob.,Brenandendron donianum (DC.) H.Rob.,Brenandendron donianum (DC.) H.Rob.,Brenandendron donianum (DC.) H.Rob.,Vernonia andohii C.D.Adams,Vernonia andohii C.D.Adams,Brenandendron,Vernonia
409694,Cacalia syneilesis (Franch. & Sav.) Matsum.,Japonicalia delphiniifolia (Siebold & Zucc.) C.Ren & Q.E.Yang,Japonicalia delphiniifolia (Siebold & Zucc.) C.Ren & Q.E.Yang,Japonicalia delphiniifolia (Siebold & Zucc.) C.Ren & Q.E.Yang,Japonicalia delphiniifolia (Siebold & Zucc.) C.Ren & Q.E.Yang,Syneilesis palmata (Lam.) Maxim.,Syneilesis palmata (Lam.) Maxim.,Japonicalia,Syneilesis
409703,Senecio syneilesis Franch. & Sav.,Japonicalia delphiniifolia (Siebold & Zucc.) C.Ren & Q.E.Yang,Japonicalia delphiniifolia (Siebold & Zucc.) C.Ren & Q.E.Yang,Japonicalia delphiniifolia (Siebold & Zucc.) C.Ren & Q.E.Yang,Japonicalia delphiniifolia (Siebold & Zucc.) C.Ren & Q.E.Yang,Syneilesis palmata (Lam.) Maxim.,Syneilesis palmata (Lam.) Maxim.,Japonicalia,Syneilesis
412464,Werneria lehmannii Klatt,Werneria glandulosa Wedd.,Werneria glandulosa Wedd.,Rockhausenia glandulosa (Wedd.) D.J.N.Hind,Rockhausenia glandulosa (Wedd.) D.J.N.Hind,Hypochaeris sessiliflora Kunth,Hypochaeris sessiliflora Kunth,Rockhausenia,Hypochaeris
414349,Gnaphalium petiolatum L.,Helichrysum petiolare Hilliard & B.L.Burtt,Helichrysum petiolare Hilliard & B.L.Burtt,Helichrysum petiolare Hilliard & B.L.Burtt,Helichrysum petiolare Hilliard & B.L.Burtt,Staehelina petiolata (L.) Hilliard & B.L.Burtt,Staehelina petiolata (L.) Hilliard & B.L.Burtt,Helichrysum,Staehelina
414950,Gnaphalium simplex A.Rich.,Euchiton collinus Cass.,Euchiton collinus Cass.,Euchiton collinus Cass.,Euchiton collinus Cass.,"Pseudognaphalium lanatum (G.Forst.) Smissen, Breitw. & de Lange","Pseudognaphalium lanatum (G.Forst.) Smissen, Breitw. & de Lange",Euchiton,Pseudognaphalium
416485,Dichrocephala paniculata Miq.,Dichrocephala integrifolia subsp. integrifolia,Dichrocephala integrifolia subsp. integrifolia,Dichrocephala integrifolia subsp. integrifolia,Dichrocephala integrifolia (L.f.) Kuntze,Myriactis javanica (Blume) DC.,Myriactis javanica (Blume) DC.,Dichrocephala,Myriactis
416953,Olearia arguta var. lanata Benth.,Camptacra gracilis (Benth.) Lander,Camptacra gracilis (Benth.) Lander,Camptacra gracilis (Benth.) Lander,Camptacra gracilis (Benth.) Lander,Olearia arguta var. lanata Benth.,Olearia arguta Benth.,Camptacra,Olearia
416956,Aster argutus R.Br. ex Benth.,Camptacra gracilis (Benth.) Lander,Camptacra gracilis (Benth.) Lander,Camptacra gracilis (Benth.) Lander,Camptacra gracilis (Benth.) Lander,Olearia arguta var. arguta,Olearia arguta Benth.,Camptacra,Olearia
416957,Olearia arguta Benth.,Camptacra gracilis (Benth.) Lander,Camptacra gracilis (Benth.) Lander,Camptacra gracilis (Benth.) Lander,Camptacra gracilis (Benth.) Lander,Olearia arguta Benth.,Olearia arguta Benth.,Camptacra,Olearia
417058,Brachyscome scapiformis var. glabra DC.,Vittadinia spathulata F.Muell. ex Sond.,Vittadinia spathulata F.Muell. ex Sond.,Vittadinia spathulata F.Muell. ex Sond.,Vittadinia spathulata F.Muell. ex Sond.,Brachyscome spathulata Gaudich.,Brachyscome spathulata Gaudich.,Vittadinia,Brachyscome
422424,Inula saxatilis Lam.,Dittrichia viscosa subsp. viscosa,Dittrichia viscosa subsp. viscosa,Dittrichia viscosa subsp. viscosa,Dittrichia viscosa (L.) Greuter,Chiliadenus glutinosus (L.) Fourr.,Chiliadenus glutinosus (L.) Fourr.,Dittrichia,Chiliadenus
422426,Chiliadenus saxatilis (Lam.) Brullo,Dittrichia viscosa subsp. viscosa,Dittrichia viscosa subsp. viscosa,Dittrichia viscosa subsp. viscosa,Dittrichia viscosa (L.) Greuter,Chiliadenus glutinosus (L.) Fourr.,Chiliadenus glutinosus (L.) Fourr.,Dittrichia,Chiliadenus
436574,Dryopteris disjuncta f. glandulosa (R.M.Tryon) Cody,Gymnocarpium disjunctum (Rupr.) Ching,Gymnocarpium disjunctum (Rupr.) Ching,Gymnocarpium disjunctum (Rupr.) Ching,Gymnocarpium disjunctum (Rupr.) Ching,Thelypteris maxoniana A.R.Sm.,Thelypteris maxoniana A.R.Sm.,Gymnocarpium,Thelypteris
436645,Cyathea attenuata Fée,Cyathea gardneri (Hook.) Lellinger,Cyathea gardneri (Hook.) Lellinger,Cyathea mexiae Copel.,Cyathea mexiae Copel.,Sphaeropteris gardneri (Hook.) R.M.Tryon,Sphaeropteris gardneri (Hook.) R.M.Tryon,Cyathea,Sphaeropteris
436646,Cyathea incurvata Kunze,Cyathea gardneri (Hook.) Lellinger,Cyathea gardneri (Hook.) Lellinger,Cyathea mexiae Copel.,Cyathea mexiae Copel.,Sphaeropteris gardneri (Hook.) R.M.Tryon,Sphaeropteris gardneri (Hook.) R.M.Tryon,Cyathea,Sphaeropteris
436647,Cyathea mamillata Fée,Cyathea gardneri (Hook.) Lellinger,Cyathea gardneri (Hook.) Lellinger,Cyathea mexiae Copel.,Cyathea mexiae Copel.,Sphaeropteris gardneri (Hook.) R.M.Tryon,Sphaeropteris gardneri (Hook.) R.M.Tryon,Cyathea,Sphaeropteris
436648,Cyathea taunaysiana Glaz. & Fée,Cyathea gardneri (Hook.) Lellinger,Cyathea gardneri (Hook.) Lellinger,Cyathea mexiae Copel.,Cyathea mexiae Copel.,Sphaeropteris gardneri (Hook.) R.M.Tryon,Sphaeropteris gardneri (Hook.) R.M.Tryon,Cyathea,Sphaeropteris
436649,Sphaeropteris gardneri (Hook.) R.M.Tryon,Cyathea gardneri (Hook.) Lellinger,Cyathea gardneri (Hook.) Lellinger,Cyathea mexiae Copel.,Cyathea mexiae Copel.,Sphaeropteris gardneri (Hook.) R.M.Tryon,Sphaeropteris gardneri (Hook.) R.M.Tryon,Cyathea,Sphaeropteris
436914,Cyathea incanescens Domin,Cyathea incana H.Karst.,Cyathea incana H.Karst.,Cyathea incana H.Karst.,Cyathea incana H.Karst.,Alsophila manniana (Hook.) R.M.Tryon,Alsophila manniana (Hook.) R.M.Tryon,Cyathea,Alsophila
437548,Asplenium arifolium Burm.f.,Acrostichum aureum L.,Acrostichum aureum L.,Acrostichum aureum L.,Acrostichum aureum L.,Hemionitis arifolia (Burm.f.) T.Moore,Hemionitis arifolia (Burm.f.) T.Moore,Acrostichum,Hemionitis
441317,Polypodium berteroanum Spreng.,Megalastrum inaequalifolium (Colla) A.R.Sm. & R.C.Moran,Megalastrum inaequalifolium (Colla) A.R.Sm. & R.C.Moran,Megalastrum inaequalifolium (Colla) A.R.Sm. & R.C.Moran,Megalastrum inaequalifolium (Colla) A.R.Sm. & R.C.Moran,Rumohra adiantiformis (G.Forst.) Ching,Rumohra adiantiformis (G.Forst.) Ching,Megalastrum,Rumohra
443204,Polypodium parkinsonii Baker,Phymatosorus parksii (Copel.) Brownlie,Phymatosorus parksii (Copel.) Brownlie,Phymatosorus parksii (Copel.) Brownlie,Phymatosorus parksii (Copel.) Brownlie,Drynaria parkinsonii (Baker) Diels,Drynaria parkinsonii (Baker) Diels,Phymatosorus,Drynaria
443580,Polypodium loriceum var. umbraticum Christ,Polypodium plectolepidioides Rosenst.,Polypodium plectolepidioides Rosenst.,Polypodium plectolepidioides Rosenst.,Polypodium plectolepidioides Rosenst.,Serpocaulon dissimile (L.) A.R.Sm.,Serpocaulon dissimile (L.) A.R.Sm.,Polypodium,Serpocaulon
444250,Alsophila melanotricha Tardieu,Alsophila bullata Baker,Alsophila bullata Baker,,,Gymnosphaera boivinii var. lobata (Rakotondr.) S.Y.Dong,Gymnosphaera boivinii (Mett. ex Ettingsh.) Tardieu,,Gymnosphaera
444251,Cyathea badia Domin,Alsophila bullata Baker,Alsophila bullata Baker,,,Gymnosphaera boivinii var. boivinii,Gymnosphaera boivinii (Mett. ex Ettingsh.) Tardieu,,Gymnosphaera
444252,Cyathea insularis Domin,Alsophila bullata Baker,Alsophila bullata Baker,,,Gymnosphaera boivinii var. boivinii,Gymnosphaera boivinii (Mett. ex Ettingsh.) Tardieu,,Gymnosphaera
444253,Cyathea melanotricha (Tardieu) Tindale,Alsophila bullata Baker,Alsophila bullata Baker,,,Gymnosphaera boivinii var. lobata (Rakotondr.) S.Y.Dong,Gymnosphaera boivinii (Mett. ex Ettingsh.) Tardieu,,Gymnosphaera
444254,Cyathea rigidula Baker,Alsophila bullata Baker,Alsophila bullata Baker,,,Gymnosphaera boivinii var. boivinii,Gymnosphaera boivinii (Mett. ex Ettingsh.) Tardieu,,Gymnosphaera
444255,Gymnosphaera melanotricha (Tardieu) Tardieu,Alsophila bullata Baker,Alsophila bullata Baker,,,Gymnosphaera boivinii var. lobata (Rakotondr.) S.Y.Dong,Gymnosphaera boivinii (Mett. ex Ettingsh.) Tardieu,,Gymnosphaera
444257,Alsophila castanea Baker,Alsophila bullata Baker,Alsophila bullata Baker,,,Gymnosphaera boivinii var. boivinii,Gymnosphaera boivinii (Mett. ex Ettingsh.) Tardieu,,Gymnosphaera
446287,Alsophila fragilis Zoll. & Moritzi,Thelypteris lineata (Blume) K.Iwats.,Thelypteris lineata (Blume) K.Iwats.,Thelypteris lineata (Blume) K.Iwats.,Thelypteris lineata (Blume) K.Iwats.,Arachniodes aristata (G.Forst.) Tindale,Arachniodes aristata (G.Forst.) Tindale,Thelypteris,Arachniodes
446292,Meniscium fragile Kunze,Thelypteris lineata (Blume) K.Iwats.,Thelypteris lineata (Blume) K.Iwats.,Thelypteris lineata (Blume) K.Iwats.,Thelypteris lineata (Blume) K.Iwats.,Arachniodes aristata (G.Forst.) Tindale,Arachniodes aristata (G.Forst.) Tindale,Thelypteris,Arachniodes
447286,Paradavallodes chingiae (Ching) Ching,Davallodes membranulosa (Wall. ex Hook.) Copel.,Davallodes membranulosa (Wall. ex Hook.) Copel.,Davallodes membranulosa (Wall. ex Hook.) Copel.,Davallodes membranulosa (Wall. ex Hook.) Copel.,Davallia chingiae (Ching) Xiao D.Ma & F.G.Wang,Davallia chingiae (Ching) Xiao D.Ma & F.G.Wang,Davallodes,Davallia
452009,Hedysarum oxalifolium Buch.-Ham. ex Benn.,Sohmaea laxiflora (DC.) H.Ohashi & K.Ohashi,Sohmaea laxiflora (DC.) H.Ohashi & K.Ohashi,Sohmaea laxiflora (DC.) H.Ohashi & K.Ohashi,Sohmaea laxiflora (DC.) H.Ohashi & K.Ohashi,Eleiotis rottleri Wight & Arn.,Eleiotis rottleri Wight & Arn.,Sohmaea,Eleiotis
453875,Ulex parviflorus subsp. willkommii (Webb) Borja & al.,Ulex parviflorus subsp. parviflorus,Ulex parviflorus subsp. parviflorus,Ulex parviflorus subsp. parviflorus,Ulex parviflorus Pourr.,Stauracanthus genistoides (Brot.) Samp.,Stauracanthus genistoides (Brot.) Samp.,Ulex,Stauracanthus
453882,Ulex parviflorus var. willkommii (Webb) C.Vicioso,Ulex parviflorus subsp. parviflorus,Ulex parviflorus subsp. parviflorus,Ulex parviflorus subsp. parviflorus,Ulex parviflorus Pourr.,Stauracanthus genistoides (Brot.) Samp.,Stauracanthus genistoides (Brot.) Samp.,Ulex,Stauracanthus
453885,Ulex scaber var. willkommii (Webb) Samp.,Ulex parviflorus subsp. parviflorus,Ulex parviflorus subsp. parviflorus,Ulex parviflorus subsp. parviflorus,Ulex parviflorus Pourr.,Stauracanthus genistoides (Brot.) Samp.,Stauracanthus genistoides (Brot.) Samp.,Ulex,Stauracanthus
453888,Ulex willkommii Webb,Ulex parviflorus subsp. parviflorus,Ulex parviflorus subsp. parviflorus,Ulex parviflorus subsp. parviflorus,Ulex parviflorus Pourr.,Stauracanthus genistoides (Brot.) Samp.,Stauracanthus genistoides (Brot.) Samp.,Ulex,Stauracanthus
463118,Moronobea grandiflora Choisy,Platonia insignis var. insignis,Platonia insignis var. insignis,Platonia insignis var. insignis,Platonia insignis Mart.,Moronobea coccinea Aubl.,Moronobea coccinea Aubl.,Platonia,Moronobea
463122,Moronobea montana Schltdl.,Platonia insignis var. insignis,Platonia insignis var. insignis,Platonia insignis var. insignis,Platonia insignis Mart.,Moronobea coccinea Aubl.,Moronobea coccinea Aubl.,Platonia,Moronobea
465181,Valeriana pygmaea Turcz.,Valeriana alypifolia subsp. alypifolia,Valeriana alypifolia subsp. alypifolia,Valeriana alypifolia subsp. alypifolia,Valeriana alypifolia Kunth,"Borealandea nubigena (Bonpl.) Al-Shehbaz, Salariato, A.Cano & Zuloaga","Borealandea nubigena (Bonpl.) Al-Shehbaz, Salariato, A.Cano & Zuloaga",Valeriana,Borealandea
468457,Rhamnus buxifolia Poir.,Rhamnus oleoides subsp. oleoides,Rhamnus oleoides subsp. oleoides,Rhamnus oleoides subsp. oleoides,Rhamnus oleoides L.,Flueggea tinctoria (L.) G.L.Webster,Flueggea tinctoria (L.) G.L.Webster,Rhamnus,Flueggea
475144,Ligusticum apiifolium Desf.,Carum appuanum subsp. appuanum,Carum appuanum subsp. appuanum,Carum appuanum subsp. appuanum,Carum appuanum (Viv.) Grande,Cnidium silaifolium (Jacq.) Simonk.,Cnidium silaifolium (Jacq.) Simonk.,Carum,Cnidium
478020,Euphoria leichhardtii var. hebepetala Benth.,Dimocarpus longan subsp. longan,Dimocarpus longan subsp. longan,Dimocarpus longan subsp. longan,Dimocarpus longan Lour.,Arytera foveolata F.Muell.,Arytera foveolata F.Muell.,Dimocarpus,Arytera
478027,Arytera leichhardtii var. hebepetala (Benth.) Radlk.,Dimocarpus longan subsp. longan,Dimocarpus longan subsp. longan,Dimocarpus longan subsp. longan,Dimocarpus longan Lour.,Arytera foveolata F.Muell.,Arytera foveolata F.Muell.,Dimocarpus,Arytera
479947,Eurya latifolia variegata Veitch ex J.Dix,Eurya japonica var. japonica,Eurya japonica var. japonica,Eurya japonica var. japonica,Eurya japonica Thunb.,Cleyera japonica var. japonica,Cleyera japonica Thunb.,Eurya,Cleyera
481625,Cistus punctatus Willd.,Helianthemum salicifolium var. salicifolium,Helianthemum salicifolium var. salicifolium,Helianthemum salicifolium var. salicifolium,Helianthemum salicifolium (L.) Mill.,Tuberaria guttata (L.) Fourr.,Tuberaria guttata (L.) Fourr.,Helianthemum,Tuberaria
483864,Anthemis valentina L.,Porophyllum ruderale var. ruderale,Porophyllum ruderale var. ruderale,Porophyllum ruderale var. ruderale,Porophyllum ruderale (Jacq.) Cass.,Anacyclus radiatus Loisel.,Anacyclus radiatus Loisel.,Porophyllum,Anacyclus
507950,Citharexylum flexuosum var. subglabrum Moldenke,Citharexylum flexuosum (Ruiz & Pav.) D.Don,Citharexylum flexuosum (Ruiz & Pav.) D.Don,Citharexylum flexuosum (Ruiz & Pav.) D.Don,Citharexylum flexuosum (Ruiz & Pav.) D.Don,Lycium americanum Jacq.,Lycium americanum Jacq.,Citharexylum,Lycium
510611,Nertera dentata Elmer,Nertera granadensis var. granadensis,Nertera granadensis var. granadensis,Nertera granadensis var. granadensis,Nertera granadensis (Mutis ex L.f.) Druce,Hemiphragma heterophyllum var. dentatum (Elmer) T.Yamaz.,Hemiphragma heterophyllum Wall.,Nertera,Hemiphragma
519255,Katherinea perakensis (Hook.f.) A.D.Hawkes,Eria javanica (Sw.) Blume,Eria javanica (Sw.) Blume,Bulbophyllum gibbosum (Blume) Lindl.,Bulbophyllum gibbosum (Blume) Lindl.,Eria stellata Lindl.,Eria stellata Lindl.,Bulbophyllum,Eria
519257,Octomeria vaginata Breda,Eria javanica (Sw.) Blume,Eria javanica (Sw.) Blume,Bulbophyllum gibbosum (Blume) Lindl.,Bulbophyllum gibbosum (Blume) Lindl.,Eria stellata Lindl.,Eria stellata Lindl.,Bulbophyllum,Eria
519258,Dendrobium perakense Hook.f.,Eria javanica (Sw.) Blume,Eria javanica (Sw.) Blume,Bulbophyllum gibbosum (Blume) Lindl.,Bulbophyllum gibbosum (Blume) Lindl.,Eria stellata Lindl.,Eria stellata Lindl.,Bulbophyllum,Eria
519259,Sarcopodium perakense (Hook.f.) Kraenzl.,Eria javanica (Sw.) Blume,Eria javanica (Sw.) Blume,Bulbophyllum gibbosum (Blume) Lindl.,Bulbophyllum gibbosum (Blume) Lindl.,Eria stellata Lindl.,Eria stellata Lindl.,Bulbophyllum,Eria
519260,Eria micholitzii Kraenzl.,Eria javanica (Sw.) Blume,Eria javanica (Sw.) Blume,Bulbophyllum gibbosum (Blume) Lindl.,Bulbophyllum gibbosum (Blume) Lindl.,Eria stellata Lindl.,Eria stellata Lindl.,Bulbophyllum,Eria
519261,Callista perakensis (Hook.f.) Kuntze,Eria javanica (Sw.) Blume,Eria javanica (Sw.) Blume,Bulbophyllum gibbosum (Blume) Lindl.,Bulbophyllum gibbosum (Blume) Lindl.,Eria stellata Lindl.,Eria stellata Lindl.,Bulbophyllum,Eria
519262,Dendrolirium rugosum Blume,Eria javanica (Sw.) Blume,Eria javanica (Sw.) Blume,Bulbophyllum gibbosum (Blume) Lindl.,Bulbophyllum gibbosum (Blume) Lindl.,Eria stellata Lindl.,Eria stellata Lindl.,Bulbophyllum,Eria
519263,Eria inamoena Schltr.,Eria javanica (Sw.) Blume,Eria javanica (Sw.) Blume,Bulbophyllum gibbosum (Blume) Lindl.,Bulbophyllum gibbosum (Blume) Lindl.,Eria stellata Lindl.,Eria stellata Lindl.,Bulbophyllum,Eria
519264,Eria fragrans Rchb.f.,Eria javanica (Sw.) Blume,Eria javanica (Sw.) Blume,Bulbophyllum gibbosum (Blume) Lindl.,Bulbophyllum gibbosum (Blume) Lindl.,Eria stellata Lindl.,Eria stellata Lindl.,Bulbophyllum,Eria
519265,Eria striolata Rchb.f.,Eria javanica (Sw.) Blume,Eria javanica (Sw.) Blume,Bulbophyllum gibbosum (Blume) Lindl.,Bulbophyllum gibbosum (Blume) Lindl.,Eria stellata Lindl.,Eria stellata Lindl.,Bulbophyllum,Eria
519266,Eria stellata Lindl.,Eria javanica (Sw.) Blume,Eria javanica (Sw.) Blume,Bulbophyllum gibbosum (Blume) Lindl.,Bulbophyllum gibbosum (Blume) Lindl.,Eria stellata Lindl.,Eria stellata Lindl.,Bulbophyllum,Eria
519267,Eria papuana Kraenzl.,Eria javanica (Sw.) Blume,Eria javanica (Sw.) Blume,Bulbophyllum gibbosum (Blume) Lindl.,Bulbophyllum gibbosum (Blume) Lindl.,Eria stellata Lindl.,Eria stellata Lindl.,Bulbophyllum,Eria
519268,Eria pseudostellata Schltr.,Eria javanica (Sw.) Blume,Eria javanica (Sw.) Blume,Bulbophyllum gibbosum (Blume) Lindl.,Bulbophyllum gibbosum (Blume) Lindl.,Eria stellata Lindl.,Eria stellata Lindl.,Bulbophyllum,Eria
519269,"Eria vaginata (Breda, Kuhl & Hasselt) Benth.",Eria javanica (Sw.) Blume,Eria javanica (Sw.) Blume,Bulbophyllum gibbosum (Blume) Lindl.,Bulbophyllum gibbosum (Blume) Lindl.,Eria stellata Lindl.,Eria stellata Lindl.,Bulbophyllum,Eria
519270,Eria cochleata Lindl.,Eria javanica (Sw.) Blume,Eria javanica (Sw.) Blume,Bulbophyllum gibbosum (Blume) Lindl.,Bulbophyllum gibbosum (Blume) Lindl.,Eria cochleata Lindl.,Eria cochleata Lindl.,Bulbophyllum,Eria
526847,Gymnadenia odoratissima var. heteroglossa Rchb.f.,Gymnadenia odoratissima (L.) Rich.,Gymnadenia odoratissima (L.) Rich.,Gymnadenia odoratissima (L.) Rich.,Gymnadenia odoratissima (L.) Rich.,× Chamodenia heteroglossa (Rchb.f.) Peitz,× Chamodenia heteroglossa (Rchb.f.) Peitz,Gymnadenia,× Chamodenia
531136,Zornia Moench,Lallemantia Fisch. & C.A.Mey.,Lallemantia Fisch. & C.A.Mey.,Dracocephalum L.,,Dracocephalum canescens L.,Dracocephalum canescens L.,,Dracocephalum
531842,Leidesia capensis (L.f.) Müll.Arg.,Leidesia procumbens (L.) Prain,Leidesia procumbens (L.) Prain,Leidesia procumbens (L.) Prain,Leidesia procumbens (L.) Prain,Didymodoxa capensis (L.f.) Friis & Wilmot-Dear,Didymodoxa capensis (L.f.) Friis & Wilmot-Dear,Leidesia,Didymodoxa
531847,Mercurialis capensis (L.f.) Spreng. ex Sond.,Leidesia procumbens (L.) Prain,Leidesia procumbens (L.) Prain,Leidesia procumbens (L.) Prain,Leidesia procumbens (L.) Prain,Didymodoxa capensis (L.f.) Friis & Wilmot-Dear,Didymodoxa capensis (L.f.) Friis & Wilmot-Dear,Leidesia,Didymodoxa
532645,Andrachne cavaleriei H.Lév.,Leptopus chinensis (Bunge) Pojark.,Leptopus chinensis (Bunge) Pojark.,Leptopus chinensis (Bunge) Pojark.,Leptopus chinensis (Bunge) Pojark.,Lysimachia capillipes var. cavaleriei (H.Lév.) Hand.-Mazz.,Lysimachia capillipes Hemsl.,Leptopus,Lysimachia
538272,Mentha perilloides L.,Mesosphaerum pectinatum (L.) Kuntze,Mesosphaerum pectinatum (L.) Kuntze,Mesosphaerum pectinatum (L.) Kuntze,Mesosphaerum pectinatum (L.) Kuntze,Perilla frutescens (L.) Britton,Perilla frutescens (L.) Britton,Mesosphaerum,Perilla
554344,Cleisostoma ornithorrhynchum (Rchb.f.) Garay,Robiquetia rosea (Lindl.) Garay,Robiquetia rosea (Lindl.) Garay,Robiquetia rosea (Lindl.) Garay,Robiquetia rosea (Lindl.) Garay,Cleisostoma discolor Lindl.,Cleisostoma discolor Lindl.,Robiquetia,Cleisostoma
554347,Sarcanthus ornithorrhynchus Rchb.f.,Robiquetia rosea (Lindl.) Garay,Robiquetia rosea (Lindl.) Garay,Robiquetia rosea (Lindl.) Garay,Robiquetia rosea (Lindl.) Garay,Cleisostoma discolor Lindl.,Cleisostoma discolor Lindl.,Robiquetia,Cleisostoma
565147,Elaeagia subspicata Standl.,Warszewiczia longistaminea K.Schum.,Warszewiczia longistaminea K.Schum.,Warszewiczia longistaminea K.Schum.,Warszewiczia longistaminea K.Schum.,Bathysa subspicata (Standl.) C.M.Taylor,Bathysa subspicata (Standl.) C.M.Taylor,Warszewiczia,Bathysa
575756,Scirpus scheuchzeri Hartmann,Eriophorum scheuchzeri Hoppe,Eriophorum scheuchzeri Hoppe,Eriophorum scheuchzeri Hoppe,Eriophorum scheuchzeri Hoppe,Eleocharis quinqueflora (Hartmann) O.Schwarz,Eleocharis quinqueflora (Hartmann) O.Schwarz,Eriophorum,Eleocharis
582158,Paepalanthus vaginatus Körn.,Syngonanthus fischerianus (Bong.) Ruhland,Syngonanthus fischerianus (Bong.) Ruhland,Syngonanthus fischerianus (Bong.) Ruhland,Syngonanthus fischerianus (Bong.) Ruhland,Paepalanthus vaginatus Körn.,Paepalanthus vaginatus Körn.,Syngonanthus,Paepalanthus
583411,Amomum latifolium Lam.,Zingiber zerumbet (L.) Roscoe ex Sm.,Zingiber zerumbet (L.) Roscoe ex Sm.,Zingiber zerumbet (L.) Roscoe ex Sm.,Zingiber zerumbet (L.) Roscoe ex Sm.,Curcuma longa L.,Curcuma longa L.,Zingiber,Curcuma
586179,"Narcissus miniatus Donn.-Morg., Koop. & Zonn.",Narcissus deficiens Herb.,Narcissus deficiens Herb.,,,"Narcissus miniatus Donn.-Morg., Koop. & Zonn.","Narcissus miniatus Donn.-Morg., Koop. & Zonn.",,Narcissus
586181,Narcissus miniatus subsp. orientalis M.Salmon,Narcissus deficiens Herb.,Narcissus deficiens Herb.,,,"Narcissus miniatus Donn.-Morg., Koop. & Zonn.","Narcissus miniatus Donn.-Morg., Koop. & Zonn.",,Narcissus
598971,Setilobus neves-armondii Bureau & K.Schum.,Cuspidaria simplicifolia DC.,Cuspidaria simplicifolia DC.,Cuspidaria simplicifolia DC.,Cuspidaria simplicifolia DC.,Fridericia bracteata (Baill. ex Bureau & K.Schum.) J.N.C.Franc. & L.G.Lohmann,Fridericia bracteata (Baill. ex Bureau & K.Schum.) J.N.C.Franc. & L.G.Lohmann,Cuspidaria,Fridericia
615639,Agrostis frondosa Ten. ex Spreng.,Agrostis castellana Boiss. & Reut.,Agrostis castellana Boiss. & Reut.,Agrostis castellana Boiss. & Reut.,Agrostis castellana Boiss. & Reut.,Polypogon viridis (Gouan) Breistr.,Polypogon viridis (Gouan) Breistr.,Agrostis,Polypogon
637187,Leochilus parviflorus Standl. & L.O.Williams,Leochilus inconspicuus (Kraenzl.) M.W.Chase & N.H.Williams,Leochilus inconspicuus (Kraenzl.) M.W.Chase & N.H.Williams,Trichocentrum candidum Lindl.,Trichocentrum candidum Lindl.,Leochilus candelariae (Kraenzl.) Pupulin,Leochilus candelariae (Kraenzl.) Pupulin,Trichocentrum,Leochilus
643766,Avena alpina Honck.,Deschampsia cespitosa subsp. cespitosa,Deschampsia cespitosa subsp. cespitosa,Deschampsia cespitosa subsp. cespitosa,Deschampsia cespitosa (L.) P.Beauv.,Helictochloa versicolor subsp. versicolor,Helictochloa versicolor (Vill.) Romero Zarco,Deschampsia,Helictochloa
667148,Geodorum citrinum Andrews,"Eulophia terrestris (L.) M.W.Chase, Kumar & Schuit.","Eulophia terrestris (L.) M.W.Chase, Kumar & Schuit.",Phaius amboinensis Blume,Phaius amboinensis Blume,Eulophia citrina (Andrews) Ormerod & Kurzweil,Eulophia citrina (Andrews) Ormerod & Kurzweil,Phaius,Eulophia
670056,Lobivia pentlandii var. forbesii (A.Dietr.) Y.Itô ex Backeb.,Lobivia pentlandii (Hook.) Britton & Rose,Lobivia pentlandii (Hook.) Britton & Rose,Lobivia pentlandii (Hook.) Britton & Rose,Lobivia pentlandii (Hook.) Britton & Rose,Acanthocalycium rhodotrichum subsp. rhodotrichum,Acanthocalycium rhodotrichum (K.Schum.) Schlumpb.,Lobivia,Acanthocalycium
674704,Sassafras officinale Siebold,Lindera triloba (Siebold & Zucc.) Blume,Lindera triloba (Siebold & Zucc.) Blume,Lindera triloba (Siebold & Zucc.) Blume,Lindera triloba (Siebold & Zucc.) Blume,Sassafras albidum (Nutt.) Nees,Sassafras albidum (Nutt.) Nees,Lindera,Sassafras
685392,Onosma incanescens DC.,Onosma rostellata Lehm.,Onosma rostellata Lehm.,Onosma rostellata Lehm.,Onosma rostellata Lehm.,Maharanga incanescens (DC.) L.Cecchi & Hilger,Maharanga incanescens (DC.) L.Cecchi & Hilger,Onosma,Maharanga
697156,Laserpitium loscosii (Lange) Calest.,Thapsia asclepium L.,Thapsia asclepium L.,Thapsia asclepium L.,Thapsia asclepium L.,Ferula loscosii (Lange) Willk.,Ferula loscosii (Lange) Willk.,Thapsia,Ferula
697161,Elaeoselinum loscosii Lange,Thapsia asclepium L.,Thapsia asclepium L.,Thapsia asclepium L.,Thapsia asclepium L.,Ferula loscosii (Lange) Willk.,Ferula loscosii (Lange) Willk.,Thapsia,Ferula
720889,Vandellia diffusa Blanco,Torenia thouarsii (Cham. & Schltdl.) Kuntze,Torenia thouarsii (Cham. & Schltdl.) Kuntze,Torenia thouarsii (Cham. & Schltdl.) Kuntze,Torenia thouarsii (Cham. & Schltdl.) Kuntze,"Yamazakia pusilla (Willd.) W.R.Barker, Y.S.Liang & Wannan","Yamazakia pusilla (Willd.) W.R.Barker, Y.S.Liang & Wannan",Torenia,Yamazakia
723929,Cinnamomum tomentosum D.Don,Phoebe cathia (D.Don) Kosterm.,Phoebe cathia (D.Don) Kosterm.,Phoebe cathia (D.Don) Kosterm.,Phoebe cathia (D.Don) Kosterm.,Machilus tomentosus (D.Don) M.Gangop.,Machilus tomentosus (D.Don) M.Gangop.,Phoebe,Machilus
724913,Pterocarpus cultratus Vell.,Pterocarpus rohrii Vahl,Pterocarpus rohrii Vahl,Pterocarpus rohrii Vahl,Pterocarpus rohrii Vahl,Lonchocarpus cultratus (Vell.) A.M.G.Azevedo & H.C.Lima,Lonchocarpus cultratus (Vell.) A.M.G.Azevedo & H.C.Lima,Pterocarpus,Lonchocarpus
725142,Strombocarpa odorata (Torr. & Frém.) A.Gray,Prosopis pubescens Benth.,Prosopis pubescens Benth.,Strombocarpa pubescens (Benth.) A.Gray,Strombocarpa pubescens (Benth.) A.Gray,Neltuma odorata (Torr. & Frém.) C.E.Hughes & G.P.Lewis,Neltuma odorata (Torr. & Frém.) C.E.Hughes & G.P.Lewis,Strombocarpa,Neltuma
725145,Prosopis odorata Torr. & Frém.,Prosopis pubescens Benth.,Prosopis pubescens Benth.,Strombocarpa pubescens (Benth.) A.Gray,Strombocarpa pubescens (Benth.) A.Gray,Neltuma odorata (Torr. & Frém.) C.E.Hughes & G.P.Lewis,Neltuma odorata (Torr. & Frém.) C.E.Hughes & G.P.Lewis,Strombocarpa,Neltuma
727159,Paullinia mexiae Steyerm.,Paullinia pterocarpa Triana & Planch.,Paullinia pterocarpa Triana & Planch.,Paullinia pterocarpa Triana & Planch.,Paullinia pterocarpa Triana & Planch.,Serjania caracasana (Jacq.) Willd.,Serjania caracasana (Jacq.) Willd.,Paullinia,Serjania
733120,Papaver heterophyllum var. crassifolium (Benth.) Jeps.,Papaver heterophyllum (Benth.) Greene,Papaver heterophyllum (Benth.) Greene,Papaver heterophyllum (Benth.) Greene,Papaver heterophyllum (Benth.) Greene,Stylophorum diphyllum (Michx.) Nutt.,Stylophorum diphyllum (Michx.) Nutt.,Papaver,Stylophorum
741077,Dircaea picta (Hook.) Lem.,Sinningia douglasii (Lindl.) Chautems,Sinningia douglasii (Lindl.) Chautems,Sinningia douglasii (Lindl.) Chautems,Sinningia douglasii (Lindl.) Chautems,Kohleria tubiflora (Cav.) Hanst.,Kohleria tubiflora (Cav.) Hanst.,Sinningia,Kohleria
741797,Acacia virchowiana Vatke & Hildebrandt,Senegalia senegal (L.) Britton,Senegalia senegal (L.) Britton,Senegalia senegal (L.) Britton,Senegalia senegal (L.) Britton,Vachellia oerfota var. oerfota,Vachellia oerfota (Forssk.) Kyal. & Boatwr.,Senegalia,Vachellia
742723,Asterocephalus tomentosus Spreng.,Succisa pratensis Moench,Succisa pratensis Moench,Succisa pratensis Moench,Succisa pratensis Moench,Scabiosa turolensis subsp. turolensis,Scabiosa turolensis Pau,Succisa,Scabiosa
750635,Adenandra ovata (Thunb.) Link,Adenandra villosa subsp. sonderi (Dümmer) Strid,Adenandra villosa subsp. sonderi (Dümmer) Strid,Adenandra villosa subsp. sonderi (Dümmer) Strid,Adenandra villosa (P.J.Bergius) Licht. ex Schult.,Agathosma ovata (Thunb.) F.Dietr.,Agathosma ovata (Thunb.) F.Dietr.,Adenandra,Agathosma
752940,Mimosa terminalis Vell.,Albizia polycephala (Benth.) Killip,Albizia polycephala (Benth.) Killip,Pseudalbizzia polycephala (Benth.) E.J.M.Koenen & Duno,Pseudalbizzia polycephala (Benth.) E.J.M.Koenen & Duno,"Hydrochorea pedicellaris (DC.) M.V.B.Soares, Iganci & M.P.Morim","Hydrochorea pedicellaris (DC.) M.V.B.Soares, Iganci & M.P.Morim",Pseudalbizzia,Hydrochorea
754072,Alyssum arenarium C.Presl,Alyssum montanum subsp. gmelinii (Jord.) Em.Schmid,Alyssum montanum subsp. gmelinii (Jord.) Em.Schmid,Alyssum gmelinii Jord.,Alyssum gmelinii Jord.,Lobularia maritima subsp. maritima,Lobularia maritima (L.) Desv.,Alyssum,Lobularia
754074,Alyssum alpinum Scop.,Alyssum montanum subsp. gmelinii (Jord.) Em.Schmid,Alyssum montanum subsp. gmelinii (Jord.) Em.Schmid,Alyssum gmelinii Jord.,Alyssum gmelinii Jord.,Kernera saxatilis (L.) Sweet,Kernera saxatilis (L.) Sweet,Alyssum,Kernera
756080,Aniba ovalifolia Mez,Aniba hypoglauca Sandwith,Aniba hypoglauca Sandwith,Aniba hypoglauca Sandwith,Aniba hypoglauca Sandwith,Ocotea cujumary Mart.,Ocotea cujumary Mart.,Aniba,Ocotea
765879,Columnea divaricata (Poepp.) Walp.,Bellonia aspera L.,Bellonia aspera L.,Bellonia aspera L.,Bellonia aspera L.,Besleria divaricata Poepp.,Besleria divaricata Poepp.,Bellonia,Besleria
768349,Derris robusta var. assamica Thoth.,Brachypterum robustum (Roxb. ex DC.) Dalzell & A.Gibson,Brachypterum robustum (Roxb. ex DC.) Dalzell & A.Gibson,Brachypterum robustum (Roxb. ex DC.) Dalzell & A.Gibson,Brachypterum robustum (Roxb. ex DC.) Dalzell & A.Gibson,Robinia pseudoacacia L.,Robinia pseudoacacia L.,Brachypterum,Robinia
769496,Mangifera silvestris Roxb.,Buchanania cochinchinensis (Lour.) M.R.Almeida,Buchanania cochinchinensis (Lour.) M.R.Almeida,Glycosmis cochinchinensis (Lour.) Pierre ex Engl.,Glycosmis cochinchinensis (Lour.) Pierre ex Engl.,Buchanania lanzan Spreng.,Buchanania lanzan Spreng.,Glycosmis,Buchanania
769497,Buchanania lanzan Spreng.,Buchanania cochinchinensis (Lour.) M.R.Almeida,Buchanania cochinchinensis (Lour.) M.R.Almeida,Glycosmis cochinchinensis (Lour.) Pierre ex Engl.,Glycosmis cochinchinensis (Lour.) Pierre ex Engl.,Buchanania lanzan Spreng.,Buchanania lanzan Spreng.,Glycosmis,Buchanania
769498,Spondias elliptica Rottb. ex Hook.f.,Buchanania cochinchinensis (Lour.) M.R.Almeida,Buchanania cochinchinensis (Lour.) M.R.Almeida,Glycosmis cochinchinensis (Lour.) Pierre ex Engl.,Glycosmis cochinchinensis (Lour.) Pierre ex Engl.,Buchanania lanzan Spreng.,Buchanania lanzan Spreng.,Glycosmis,Buchanania
769499,Buchanania latifolia Roxb.,Buchanania cochinchinensis (Lour.) M.R.Almeida,Buchanania cochinchinensis (Lour.) M.R.Almeida,Glycosmis cochinchinensis (Lour.) Pierre ex Engl.,Glycosmis cochinchinensis (Lour.) Pierre ex Engl.,Buchanania lanzan Spreng.,Buchanania lanzan Spreng.,Glycosmis,Buchanania
769500,Lanzana solitaria Stokes,Buchanania cochinchinensis (Lour.) M.R.Almeida,Buchanania cochinchinensis (Lour.) M.R.Almeida,Glycosmis cochinchinensis (Lour.) Pierre ex Engl.,Glycosmis cochinchinensis (Lour.) Pierre ex Engl.,Buchanania lanzan Spreng.,Buchanania lanzan Spreng.,Glycosmis,Buchanania
769501,Lundia mangiferoides Puerari ex DC.,Buchanania cochinchinensis (Lour.) M.R.Almeida,Buchanania cochinchinensis (Lour.) M.R.Almeida,Glycosmis cochinchinensis (Lour.) Pierre ex Engl.,Glycosmis cochinchinensis (Lour.) Pierre ex Engl.,Buchanania lanzan Spreng.,Buchanania lanzan Spreng.,Glycosmis,Buchanania
774747,Celtis ituriensis De Wild.,Celtis adolfi-friderici Engl.,Celtis adolfi-friderici Engl.,Celtis adolfi-friderici Engl.,Celtis adolfi-friderici Engl.,Trema orientale (L.) Blume,Trema orientale (L.) Blume,Celtis,Trema
774748,Celtis fragifera A.Chev.,Celtis adolfi-friderici Engl.,Celtis adolfi-friderici Engl.,Celtis adolfi-friderici Engl.,Celtis adolfi-friderici Engl.,Sparrea gomphophylla (Baker) X.G.Fu & T.S.Yi,Sparrea gomphophylla (Baker) X.G.Fu & T.S.Yi,Celtis,Sparrea
777974,Cicendia quitensis (Kunth) Griseb.,Cicendia quadrangularis (Lam.) Griseb.,Cicendia quadrangularis (Lam.) Griseb.,Cicendia quadrangularis (Lam.) Griseb.,Cicendia quadrangularis (Lam.) Griseb.,Zeltnera quitensis (Kunth) G.Mans.,Zeltnera quitensis (Kunth) G.Mans.,Cicendia,Zeltnera
781580,Ceanothus leschenaultii DC.,Colubrina asiatica (L.) Brongn.,Colubrina asiatica (L.) Brongn.,Colubrina asiatica (L.) Brongn.,Colubrina asiatica (L.) Brongn.,Trema orientale (L.) Blume,Trema orientale (L.) Blume,Colubrina,Trema
790122,Desmodium parviflorum f. yunnanense Pamp.,Desmodiastrum racemosum (Benth.) A.Pramanik & Thoth.,Desmodiastrum racemosum (Benth.) A.Pramanik & Thoth.,Desmodiastrum racemosum (Benth.) A.Pramanik & Thoth.,Desmodiastrum racemosum (Benth.) A.Pramanik & Thoth.,Leptodesmia microphylla var. microphylla,Leptodesmia microphylla (Thunb.) H.Ohashi & K.Ohashi,Desmodiastrum,Leptodesmia
796443,Ocotea endlicheriopsis Mez,Endlicheria canescens Chanderbali,Endlicheria canescens Chanderbali,Endlicheria canescens Chanderbali,Endlicheria canescens Chanderbali,Ocotea endlicheriopsis Mez,Ocotea endlicheriopsis Mez,Endlicheria,Ocotea
796445,Endlicheria endlicheriopsis (Mez) Kosterm.,Endlicheria canescens Chanderbali,Endlicheria canescens Chanderbali,Endlicheria canescens Chanderbali,Endlicheria canescens Chanderbali,Ocotea endlicheriopsis Mez,Ocotea endlicheriopsis Mez,Endlicheria,Ocotea
799470,Eruca stenocarpa Boiss. & Reut.,Eruca vesicaria (L.) Cav.,Eruca vesicaria (L.) Cav.,Eruca vesicaria (L.) Cav.,Eruca vesicaria (L.) Cav.,Erucastrum nasturtiifolium subsp. nasturtiifolium,Erucastrum nasturtiifolium (Poir.) O.E.Schulz,Eruca,Erucastrum
801579,Sycopsis griffithiana Oliv.,Eustigma lenticellatum C.Y.Wu,Eustigma lenticellatum C.Y.Wu,Eustigma lenticellatum C.Y.Wu,Eustigma lenticellatum C.Y.Wu,Sycopsis griffithiana Oliv.,Sycopsis griffithiana Oliv.,Eustigma,Sycopsis
801915,Acacia aegyptiaca Baill.,Faidherbia albida (Delile) A.Chev.,Faidherbia albida (Delile) A.Chev.,Faidherbia albida (Delile) A.Chev.,Faidherbia albida (Delile) A.Chev.,Vachellia nilotica subsp. nilotica,Vachellia nilotica (L.) P.J.H.Hurter & Mabb.,Faidherbia,Vachellia
806731,Gentiana amarella subsp. chlorifolia (Nees) Arcang.,Gentianella germanica (Willd.) Börner,Gentianella germanica (Willd.) Börner,Gentianella germanica (Willd.) Börner,Gentianella germanica (Willd.) Börner,Gentiana × chlorifolia Nees,Gentiana × chlorifolia Nees,Gentianella,Gentiana
808543,Aillya umbellata var. procumbens (de Vriese) de Vriese,Goodenia filiformis R.Br.,Goodenia filiformis R.Br.,Goodenia filiformis R.Br.,Goodenia filiformis R.Br.,Scaevola pulchella Carolin,Scaevola pulchella Carolin,Goodenia,Scaevola
808544,Aillya umbellata var. spathulata (de Vriese) de Vriese,Goodenia filiformis R.Br.,Goodenia filiformis R.Br.,Goodenia filiformis R.Br.,Goodenia filiformis R.Br.,Scaevola pulchella Carolin,Scaevola pulchella Carolin,Goodenia,Scaevola
811190,Haplanthus neilgherryensis Wight,Haplanthodes Kuntze,Haplanthodes Kuntze,Haplanthodes Kuntze,,Haplanthodes neilgherryensis (Wight) R.B.Majumdar,Haplanthodes neilgherryensis (Wight) R.B.Majumdar,,Haplanthodes
811382,Cereus serruliflorus Haw.,Harrisia divaricata (Lam.) Backeb.,Harrisia divaricata (Lam.) Backeb.,Harrisia divaricata (Lam.) Backeb.,Harrisia divaricata (Lam.) Backeb.,Serrulatocereus serruliflorus (Haw.) Guiggi,Serrulatocereus serruliflorus (Haw.) Guiggi,Harrisia,Serrulatocereus
811460,Hariota clavata var. deliculata (Loefgr.) A.Cast.,Hatiora salicornoides (Haw.) Britton & Rose,Hatiora salicornoides (Haw.) Britton & Rose,Hatiora salicornoides (Haw.) Britton & Rose,Hatiora salicornoides (Haw.) Britton & Rose,Rhipsalis clavata F.A.C.Weber,Rhipsalis clavata F.A.C.Weber,Hatiora,Rhipsalis
811462,Hariota bambusoides var. delicatula (Loefgr.) A.Cast.,Hatiora salicornoides (Haw.) Britton & Rose,Hatiora salicornoides (Haw.) Britton & Rose,Hatiora salicornoides (Haw.) Britton & Rose,Hatiora salicornoides (Haw.) Britton & Rose,Rhipsalis clavata F.A.C.Weber,Rhipsalis clavata F.A.C.Weber,Hatiora,Rhipsalis
812086,Helianthemum alyssoides subsp. cheiranthoides (Lam.) Nyman,Helianthemum syriacum (Jacq.) Dum.Cours.,Helianthemum syriacum (Jacq.) Dum.Cours.,Helianthemum syriacum (Jacq.) Dum.Cours.,Helianthemum syriacum (Jacq.) Dum.Cours.,Cistus × cheiranthoides Lam.,Cistus × cheiranthoides Lam.,Helianthemum,Cistus
813640,Heteropterys angustifolia f. lanceolata Nied.,Heteropterys glabra Hook. & Arn.,Heteropterys glabra Hook. & Arn.,Heteropterys glabra Hook. & Arn.,Heteropterys glabra Hook. & Arn.,Banisteriopsis laevifolia (A.Juss.) B.Gates,Banisteriopsis laevifolia (A.Juss.) B.Gates,Heteropterys,Banisteriopsis
815648,Pleurospermum lecomtianum H.Wolff,Hymenidium wilsonii (H.Boissieu) Pimenov & Kljuykov,Hymenidium wilsonii (H.Boissieu) Pimenov & Kljuykov,Hymenidium wilsonii (H.Boissieu) Pimenov & Kljuykov,Hymenidium wilsonii (H.Boissieu) Pimenov & Kljuykov,Pleurospermum lecomtianum H.Wolff,Pleurospermum lecomtianum H.Wolff,Hymenidium,Pleurospermum
815973,Ilex heterophylla G.Don,Ilex aquifolium L.,Ilex aquifolium L.,Ilex aquifolium L.,Ilex aquifolium L.,Osmanthus heterophyllus (G.Don) P.S.Green,Osmanthus heterophyllus (G.Don) P.S.Green,Ilex,Osmanthus
818129,Robinsonia melianthifolia Willd.,Quiina guianensis Aubl.,Quiina guianensis Aubl.,Quiina guianensis Aubl.,Quiina guianensis Aubl.,Touroulia guianensis Aubl.,Touroulia guianensis Aubl.,Quiina,Touroulia
823136,Connarus decumbens Thunb.,Leobordea polycephala (E.Mey.) B.-E.van Wyk & Boatwr.,Leobordea polycephala (E.Mey.) B.-E.van Wyk & Boatwr.,Leobordea polycephala (E.Mey.) B.-E.van Wyk & Boatwr.,Leobordea polycephala (E.Mey.) B.-E.van Wyk & Boatwr.,Lotononis triphylla (L.) Dorr,Lotononis triphylla (L.) Dorr,Leobordea,Lotononis
823158,Hermannia triphylla L.,Leobordea polycephala (E.Mey.) B.-E.van Wyk & Boatwr.,Leobordea polycephala (E.Mey.) B.-E.van Wyk & Boatwr.,Leobordea polycephala (E.Mey.) B.-E.van Wyk & Boatwr.,Leobordea polycephala (E.Mey.) B.-E.van Wyk & Boatwr.,Lotononis triphylla (L.) Dorr,Lotononis triphylla (L.) Dorr,Leobordea,Lotononis
824116,Acrodiclidium guianense var. oppositifolium Meisn.,Dicypellium caryophyllaceum (Mart.) Nees & Mart.,Dicypellium caryophyllaceum (Mart.) Nees & Mart.,Dicypellium caryophyllaceum (Mart.) Nees & Mart.,Dicypellium caryophyllaceum (Mart.) Nees & Mart.,Licaria chrysophylla (Meisn.) Kosterm.,Licaria chrysophylla (Meisn.) Kosterm.,Dicypellium,Licaria
824120,Acrodiclidium guianense var. reticulatum Meisn.,Dicypellium caryophyllaceum (Mart.) Nees & Mart.,Dicypellium caryophyllaceum (Mart.) Nees & Mart.,Dicypellium caryophyllaceum (Mart.) Nees & Mart.,Dicypellium caryophyllaceum (Mart.) Nees & Mart.,Licaria polyphylla (Nees) Kosterm.,Licaria polyphylla (Nees) Kosterm.,Dicypellium,Licaria
824121,Acrodiclidium guianense Nees,Dicypellium caryophyllaceum (Mart.) Nees & Mart.,Dicypellium caryophyllaceum (Mart.) Nees & Mart.,Dicypellium caryophyllaceum (Mart.) Nees & Mart.,Dicypellium caryophyllaceum (Mart.) Nees & Mart.,Licaria polyphylla (Nees) Kosterm.,Licaria polyphylla (Nees) Kosterm.,Dicypellium,Licaria
824123,Nectandra caudata Nees & Mart. ex Meisn.,Dicypellium caryophyllaceum (Mart.) Nees & Mart.,Dicypellium caryophyllaceum (Mart.) Nees & Mart.,Dicypellium caryophyllaceum (Mart.) Nees & Mart.,Dicypellium caryophyllaceum (Mart.) Nees & Mart.,Licaria polyphylla (Nees) Kosterm.,Licaria polyphylla (Nees) Kosterm.,Dicypellium,Licaria
825077,Chenopodium acutifolium Kit. ex Schult.,"Lipandra polysperma (L.) S.Fuentes, Uotila & Borsch","Lipandra polysperma (L.) S.Fuentes, Uotila & Borsch","Lipandra polysperma (L.) S.Fuentes, Uotila & Borsch","Lipandra polysperma (L.) S.Fuentes, Uotila & Borsch",Chenopodium standleyanum Aellen,Chenopodium standleyanum Aellen,Lipandra,Chenopodium
825081,Chenopodium polyspermum var. spicatum Klett & Richt.,"Lipandra polysperma (L.) S.Fuentes, Uotila & Borsch","Lipandra polysperma (L.) S.Fuentes, Uotila & Borsch","Lipandra polysperma (L.) S.Fuentes, Uotila & Borsch","Lipandra polysperma (L.) S.Fuentes, Uotila & Borsch",Chenopodium standleyanum Aellen,Chenopodium standleyanum Aellen,Lipandra,Chenopodium
825115,Echinopsis dobeana (Dölz) J.G.Lamb.,Leucostele deserticola (Werderm.) Schlumpb.,Leucostele deserticola (Werderm.) Schlumpb.,Leucostele deserticola (Werderm.) Schlumpb.,Leucostele deserticola (Werderm.) Schlumpb.,Echinopsis aurea subsp. aurea,Echinopsis aurea Britton & Rose,Leucostele,Echinopsis
825274,Tournefortia earlei Britton,Myriopus stenophyllus (Urb.) Feuillet,Myriopus stenophyllus (Urb.) Feuillet,Myriopus stenophyllus (Urb.) Feuillet,Myriopus stenophyllus (Urb.) Feuillet,"Heliotropium earlei (Britton) Greuter, P.A.González & R.Rankin","Heliotropium earlei (Britton) Greuter, P.A.González & R.Rankin",Myriopus,Heliotropium
830870,Pyrus densiflora (Spach) Steud.,Aronia arbutifolia (L.) Pers.,Aronia arbutifolia (L.) Pers.,Aronia arbutifolia (L.) Pers.,Aronia arbutifolia (L.) Pers.,Aria edulis (Willd.) M.Roem.,Aria edulis (Willd.) M.Roem.,Aronia,Aria
830873,Aronia densiflora Spach,Aronia arbutifolia (L.) Pers.,Aronia arbutifolia (L.) Pers.,Aronia arbutifolia (L.) Pers.,Aronia arbutifolia (L.) Pers.,Aria edulis (Willd.) M.Roem.,Aria edulis (Willd.) M.Roem.,Aronia,Aria
830884,Sorbus densiflora (Spach) Heynh.,Aronia arbutifolia (L.) Pers.,Aronia arbutifolia (L.) Pers.,Aronia arbutifolia (L.) Pers.,Aronia arbutifolia (L.) Pers.,Aria edulis (Willd.) M.Roem.,Aria edulis (Willd.) M.Roem.,Aronia,Aria
841577,Bredemeyera altissima var. mollis (Triana & Planch.) A.W.Benn.,Bredemeyera divaricata (DC.) J.F.B.Pastore,Bredemeyera divaricata (DC.) J.F.B.Pastore,Bredemeyera divaricata (DC.) J.F.B.Pastore,Bredemeyera divaricata (DC.) J.F.B.Pastore,Securidaca coriacea Bonpl.,Securidaca coriacea Bonpl.,Bredemeyera,Securidaca
847842,Peucedanum praeruptorum subsp. hirsutiusculum Ma,Kitagawia praeruptora (Dunn) Pimenov,Kitagawia praeruptora (Dunn) Pimenov,Kitagawia praeruptora (Dunn) Pimenov,Kitagawia praeruptora (Dunn) Pimenov,Peucedanum harry-smithii var. harry-smithii,Peucedanum harry-smithii Fedde ex H.Wolff,Kitagawia,Peucedanum
847844,Peucedanum hirsutiusculum (Ma) V.M.Vinogr.,Kitagawia praeruptora (Dunn) Pimenov,Kitagawia praeruptora (Dunn) Pimenov,Kitagawia praeruptora (Dunn) Pimenov,Kitagawia praeruptora (Dunn) Pimenov,Peucedanum harry-smithii var. harry-smithii,Peucedanum harry-smithii Fedde ex H.Wolff,Kitagawia,Peucedanum
847911,Richella discostigma (Diels) R.E.Fr.,Monanthotaxis montana (Engl. & Diels) P.H.Hoekstra,Monanthotaxis montana (Engl. & Diels) P.H.Hoekstra,Monanthotaxis montana (Engl. & Diels) P.H.Hoekstra,Monanthotaxis montana (Engl. & Diels) P.H.Hoekstra,Afroguatteria discostigma (Diels) X.Guo & R.M.K.Saunders,Afroguatteria discostigma (Diels) X.Guo & R.M.K.Saunders,Monanthotaxis,Afroguatteria
847912,Oxymitra discostigma (Diels) Ghesq. ex Pellegr.,Monanthotaxis montana (Engl. & Diels) P.H.Hoekstra,Monanthotaxis montana (Engl. & Diels) P.H.Hoekstra,Monanthotaxis montana (Engl. & Diels) P.H.Hoekstra,Monanthotaxis montana (Engl. & Diels) P.H.Hoekstra,Afroguatteria discostigma (Diels) X.Guo & R.M.K.Saunders,Afroguatteria discostigma (Diels) X.Guo & R.M.K.Saunders,Monanthotaxis,Afroguatteria
847913,Friesodielsia discostigma (Diels) Steenis,Monanthotaxis montana (Engl. & Diels) P.H.Hoekstra,Monanthotaxis montana (Engl. & Diels) P.H.Hoekstra,Monanthotaxis montana (Engl. & Diels) P.H.Hoekstra,Monanthotaxis montana (Engl. & Diels) P.H.Hoekstra,Afroguatteria discostigma (Diels) X.Guo & R.M.K.Saunders,Afroguatteria discostigma (Diels) X.Guo & R.M.K.Saunders,Monanthotaxis,Afroguatteria
847914,Cleistopholis discostigma Diels,Monanthotaxis montana (Engl. & Diels) P.H.Hoekstra,Monanthotaxis montana (Engl. & Diels) P.H.Hoekstra,Monanthotaxis montana (Engl. & Diels) P.H.Hoekstra,Monanthotaxis montana (Engl. & Diels) P.H.Hoekstra,Afroguatteria discostigma (Diels) X.Guo & R.M.K.Saunders,Afroguatteria discostigma (Diels) X.Guo & R.M.K.Saunders,Monanthotaxis,Afroguatteria
847915,Afroguatteria discostigma (Diels) X.Guo & R.M.K.Saunders,Monanthotaxis montana (Engl. & Diels) P.H.Hoekstra,Monanthotaxis montana (Engl. & Diels) P.H.Hoekstra,Monanthotaxis montana (Engl. & Diels) P.H.Hoekstra,Monanthotaxis montana (Engl. & Diels) P.H.Hoekstra,Afroguatteria discostigma (Diels) X.Guo & R.M.K.Saunders,Afroguatteria discostigma (Diels) X.Guo & R.M.K.Saunders,Monanthotaxis,Afroguatteria
857711,Centaurea carthamoides Chevall.,Centaurea albonitens Turrill,Centaurea albonitens Turrill,Centaurea albonitens Turrill,Centaurea albonitens Turrill,Phonus lanatus (L.) Hill,Phonus lanatus (L.) Hill,Centaurea,Phonus
859376,Vernonia floribunda Kunth,Vernonanthura patens (Kunth) H.Rob.,Vernonanthura patens (Kunth) H.Rob.,Vernonanthura patens (Kunth) H.Rob.,Vernonanthura patens (Kunth) H.Rob.,Critoniopsis floribunda (Kunth) H.Rob.,Critoniopsis floribunda (Kunth) H.Rob.,Vernonanthura,Critoniopsis
869900,Doronicum japonicum Lam.,Gynura japonica (Thunb.) Juel,Gynura japonica (Thunb.) Juel,Gynura japonica (Thunb.) Juel,Gynura japonica (Thunb.) Juel,Ligularia japonica var. japonica,Ligularia japonica (L.f.) Less. ex DC.,Gynura,Ligularia
870259,Senecio depilis Phil.,Dendrophorbium americanum (L.f.) C.Jeffrey,Dendrophorbium americanum (L.f.) C.Jeffrey,Dendrophorbium americanum (L.f.) C.Jeffrey,Dendrophorbium americanum (L.f.) C.Jeffrey,Acrisione denticulata var. denticulata,Acrisione denticulata (Hook. & Arn.) B.Nord.,Dendrophorbium,Acrisione
870475,Werneria ciliata Wedd. ex Sch.Bip.,Werneria pectinata Lingelsh.,Werneria pectinata Lingelsh.,Rockhausenia pectinata (Lingelsh.) D.J.N.Hind,Rockhausenia pectinata (Lingelsh.) D.J.N.Hind,Werneria ciliolata A.Gray,Werneria ciliolata A.Gray,Rockhausenia,Werneria
872768,Gnaphalium dealbatum var. luteofuscum (Webb) Lobin,Vellereophyton dealbatum (Thunb.) Hilliard & B.L.Burtt,Vellereophyton dealbatum (Thunb.) Hilliard & B.L.Burtt,Vellereophyton dealbatum (Thunb.) Hilliard & B.L.Burtt,Vellereophyton dealbatum (Thunb.) Hilliard & B.L.Burtt,Pseudognaphalium luteoalbum (L.) Hilliard & B.L.Burtt,Pseudognaphalium luteoalbum (L.) Hilliard & B.L.Burtt,Vellereophyton,Pseudognaphalium
872769,Gnaphalium luteofuscum Webb,Vellereophyton dealbatum (Thunb.) Hilliard & B.L.Burtt,Vellereophyton dealbatum (Thunb.) Hilliard & B.L.Burtt,Vellereophyton dealbatum (Thunb.) Hilliard & B.L.Burtt,Vellereophyton dealbatum (Thunb.) Hilliard & B.L.Burtt,Pseudognaphalium luteoalbum (L.) Hilliard & B.L.Burtt,Pseudognaphalium luteoalbum (L.) Hilliard & B.L.Burtt,Vellereophyton,Pseudognaphalium
872899,Gnaphalium lanatum G.Forst.,Euchiton involucratus (G.Forst.) Holub,Euchiton involucratus (G.Forst.) Holub,Euchiton involucratus (G.Forst.) Holub,Euchiton involucratus (G.Forst.) Holub,"Pseudognaphalium lanatum (G.Forst.) Smissen, Breitw. & de Lange","Pseudognaphalium lanatum (G.Forst.) Smissen, Breitw. & de Lange",Euchiton,Pseudognaphalium
874693,Leysera pilosella Thunb.,Afroaster hispidus (Thunb.) J.C.Manning & Goldblatt,Afroaster hispidus (Thunb.) J.C.Manning & Goldblatt,Afroaster hispidus (Thunb.) J.C.Manning & Goldblatt,Afroaster hispidus (Thunb.) J.C.Manning & Goldblatt,Zyrphelis pilosella (Thunb.) Kuntze,Zyrphelis pilosella (Thunb.) Kuntze,Afroaster,Zyrphelis
886440,Eupatorium decipiens Hook. & Arn.,Ophryosporus triangularis Meyen,Ophryosporus triangularis Meyen,Ophryosporus triangularis Meyen,Ophryosporus triangularis Meyen,Heterocondylus decipiens (Hook. & Arn.) R.M.King & H.Rob.,Heterocondylus decipiens (Hook. & Arn.) R.M.King & H.Rob.,Ophryosporus,Heterocondylus
890899,Vittaria lunulata Roxb.,Nesolindsaea caudata (Hook.) Lehtonen & Christenh.,Nesolindsaea caudata (Hook.) Lehtonen & Christenh.,Nesolindsaea caudata (Hook.) Lehtonen & Christenh.,Nesolindsaea caudata (Hook.) Lehtonen & Christenh.,Lindsaea parasitica (Roxb.) Wall. ex Hieron.,Lindsaea parasitica (Roxb.) Wall. ex Hieron.,Nesolindsaea,Lindsaea
890901,Lindsaea scandens Hook.,Nesolindsaea caudata (Hook.) Lehtonen & Christenh.,Nesolindsaea caudata (Hook.) Lehtonen & Christenh.,Nesolindsaea caudata (Hook.) Lehtonen & Christenh.,Nesolindsaea caudata (Hook.) Lehtonen & Christenh.,Lindsaea scandens Hook.,Lindsaea scandens Hook.,Nesolindsaea,Lindsaea
890902,Vittaria parasitica Roxb.,Nesolindsaea caudata (Hook.) Lehtonen & Christenh.,Nesolindsaea caudata (Hook.) Lehtonen & Christenh.,Nesolindsaea caudata (Hook.) Lehtonen & Christenh.,Nesolindsaea caudata (Hook.) Lehtonen & Christenh.,Lindsaea parasitica (Roxb.) Wall. ex Hieron.,Lindsaea parasitica (Roxb.) Wall. ex Hieron.,Nesolindsaea,Lindsaea
890903,Lindsaea bipinnata Roxb.,Nesolindsaea caudata (Hook.) Lehtonen & Christenh.,Nesolindsaea caudata (Hook.) Lehtonen & Christenh.,Nesolindsaea caudata (Hook.) Lehtonen & Christenh.,Nesolindsaea caudata (Hook.) Lehtonen & Christenh.,Lindsaea parasitica (Roxb.) Wall. ex Hieron.,Lindsaea parasitica (Roxb.) Wall. ex Hieron.,Nesolindsaea,Lindsaea
891765,Lindsaea alexandri var. bipinnata Hillebr.,Asplenium dielerectum Viane,Asplenium dielerectum Viane,Asplenium dielerectum Viane,Asplenium dielerectum Viane,Lindsaea knudsenii Hillebr.,Lindsaea knudsenii Hillebr.,Asplenium,Lindsaea
891991,Trichomanes obtusum (Copel.) C.V.Morton,Hymenophyllum obtusum Hook. & Arn.,Hymenophyllum obtusum Hook. & Arn.,Hymenophyllum obtusum Hook. & Arn.,Hymenophyllum obtusum Hook. & Arn.,Trichomanes maximum Blume,Trichomanes maximum Blume,Hymenophyllum,Trichomanes
896337,Dryopteris strigosa (Willd.) C.Chr.,Ctenitis crinita (Poir.) Ching,Ctenitis crinita (Poir.) Ching,Ctenitis crinita (Poir.) Ching,Ctenitis crinita (Poir.) Ching,Thelypteris strigosa (Willd.) Tardieu,Thelypteris strigosa (Willd.) Tardieu,Ctenitis,Thelypteris
897803,Stenochlaena leptocarpa (Fée) Underw.,Lomariopsis spectabilis Mett.,Lomariopsis spectabilis Mett.,Lomariopsis spectabilis Mett.,Lomariopsis spectabilis Mett.,Teratophyllum leptocarpum (Fée) Holttum,Teratophyllum leptocarpum (Fée) Holttum,Lomariopsis,Teratophyllum
900421,Cyathea remotifolia Bonap.,Alsophila simulans Baker,Alsophila simulans Baker,Alsophila simulans Baker,Alsophila simulans Baker,Cyathea remotifolia Bonap.,Cyathea remotifolia Bonap.,Alsophila,Cyathea
906537,Cyathea nigrescens (Hook.) J.Sm.,Thelypteris woodlarkensis (Copel.) Christenh.,Thelypteris woodlarkensis (Copel.) Christenh.,Thelypteris woodlarkensis (Copel.) Christenh.,Thelypteris woodlarkensis (Copel.) Christenh.,Alsophila woodwardioides (Kaulf.) D.S.Conant,Alsophila woodwardioides (Kaulf.) D.S.Conant,Thelypteris,Alsophila
908260,Anemone soyensis H.Boissieu,Anemonastrum flaccidum (Fr.Schmidt) Mosyakin,Anemonastrum flaccidum (Fr.Schmidt) Mosyakin,Anemonastrum flaccidum (Fr.Schmidt) Mosyakin,Anemonastrum flaccidum (Fr.Schmidt) Mosyakin,Anemonoides soyensis (H.Boissieu) Holub,Anemonoides soyensis (H.Boissieu) Holub,Anemonastrum,Anemonoides
915823,Cytisus lotoides Pourr.,Chamaecytisus supinus subsp. supinus,Chamaecytisus supinus subsp. supinus,Chamaecytisus supinus subsp. supinus,Chamaecytisus supinus (L.) Link,Cytisus lotoides Pourr.,Cytisus lotoides Pourr.,Chamaecytisus,Cytisus
915830,Chamaecytisus supinus var. gallicus (A.Kern. ex Willk. & Lange) C.Vicioso,Chamaecytisus supinus subsp. supinus,Chamaecytisus supinus subsp. supinus,Chamaecytisus supinus subsp. supinus,Chamaecytisus supinus (L.) Link,Cytisus lotoides Pourr.,Cytisus lotoides Pourr.,Chamaecytisus,Cytisus
915837,Cytisus supinus var. gallicus (A.Kern. ex Willk. & Lange) Briq.,Chamaecytisus supinus subsp. supinus,Chamaecytisus supinus subsp. supinus,Chamaecytisus supinus subsp. supinus,Chamaecytisus supinus (L.) Link,Cytisus lotoides Pourr.,Cytisus lotoides Pourr.,Chamaecytisus,Cytisus
916033,Cytisus benehoavensis (Bolle) Svent.,Cytisus scoparius subsp. scoparius,Cytisus scoparius subsp. scoparius,Cytisus scoparius subsp. scoparius,Cytisus scoparius (L.) Link,Convolvulus scoparius L.f.,Convolvulus scoparius L.f.,Cytisus,Convolvulus
917839,Nanophyton acutum (L.) Druce,Nanophyton erinaceum subsp. erinaceum,Nanophyton erinaceum subsp. erinaceum,Nanophyton erinaceum subsp. erinaceum,Nanophyton erinaceum (Pall.) Bunge,Polycnemum majus A.Braun ex Bogenh.,Polycnemum majus A.Braun ex Bogenh.,Nanophyton,Polycnemum
917849,Camphorosma acuta L.,Nanophyton erinaceum subsp. erinaceum,Nanophyton erinaceum subsp. erinaceum,Nanophyton erinaceum subsp. erinaceum,Nanophyton erinaceum (Pall.) Bunge,Polycnemum majus A.Braun ex Bogenh.,Polycnemum majus A.Braun ex Bogenh.,Nanophyton,Polycnemum
918984,Sedum griffithii C.B.Clarke,Rosularia adenotricha subsp. adenotricha,Rosularia adenotricha subsp. adenotricha,Rosularia adenotricha subsp. adenotricha,Rosularia adenotricha (Wall. ex Edgew.) C.-A.Jansson,Sedum griffithii C.B.Clarke,Sedum griffithii C.B.Clarke,Rosularia,Sedum
923006,Olmedia grandifolia Trécul,Maquira guianensis subsp. guianensis,Maquira guianensis subsp. guianensis,Maquira guianensis subsp. guianensis,Maquira guianensis Aubl.,Perebea guianensis subsp. guianensis,Perebea guianensis Aubl.,Maquira,Perebea
928269,Abelmoschus palustris (L.) Walp.,Abelmoschus moschatus subsp. moschatus,Abelmoschus moschatus subsp. moschatus,Abelmoschus moschatus subsp. moschatus,Abelmoschus moschatus Medik.,Hibiscus moscheutos subsp. moscheutos,Hibiscus moscheutos L.,Abelmoschus,Hibiscus
931546,Cardamine nasturtiifolia Steud.,Cardamine pratensis subsp. pratensis,Cardamine pratensis subsp. pratensis,Cardamine pratensis subsp. pratensis,Cardamine pratensis L.,Rorippa bonariensis var. bonariensis,Rorippa bonariensis (Poir.) Macloskie,Cardamine,Rorippa
937808,Ilex ligustrina var. minutiflora (A.Rich.) Loes.,Ilex vomitoria subsp. vomitoria,Ilex vomitoria subsp. vomitoria,Ilex vomitoria subsp. vomitoria,Ilex vomitoria Aiton,Banara minutiflora (A.Rich.) Sleumer,Banara minutiflora (A.Rich.) Sleumer,Ilex,Banara
937859,Ilex cuneifolia Hook.,Jodina rhombifolia subsp. rhombifolia,Jodina rhombifolia subsp. rhombifolia,Jodina rhombifolia subsp. rhombifolia,Jodina rhombifolia (Hook. & Arn.) Reissek,Ilex obcordata var. obcordata,Ilex obcordata Sw.,Jodina,Ilex
938510,Carduus cynaroides Lam.,Cynara cardunculus subsp. cardunculus,Cynara cardunculus subsp. cardunculus,Cynara cardunculus subsp. cardunculus,Cynara cardunculus L.,Lamyropsis cynaroides (Lam.) Dittrich,Lamyropsis cynaroides (Lam.) Dittrich,Cynara,Lamyropsis
938513,Chamaepeuce cynaroides (Lam.) DC.,Cynara cardunculus subsp. cardunculus,Cynara cardunculus subsp. cardunculus,Cynara cardunculus subsp. cardunculus,Cynara cardunculus L.,Lamyropsis cynaroides (Lam.) Dittrich,Lamyropsis cynaroides (Lam.) Dittrich,Cynara,Lamyropsis
938516,Carduus cynara E.H.L.Krause,Cynara cardunculus subsp. cardunculus,Cynara cardunculus subsp. cardunculus,Cynara cardunculus subsp. cardunculus,Cynara cardunculus L.,Lamyropsis cynaroides (Lam.) Dittrich,Lamyropsis cynaroides (Lam.) Dittrich,Cynara,Lamyropsis
939304,Carduus horridus Adams,Centaurea benedicta var. benedicta,Centaurea benedicta var. benedicta,Centaurea benedicta var. benedicta,Centaurea benedicta (L.) L.,"Lophiolepis horrida (Adams) Bureš, Del Guacchio, Iamonico & P.Caputo","Lophiolepis horrida (Adams) Bureš, Del Guacchio, Iamonico & P.Caputo",Centaurea,Lophiolepis
939351,Vernonia apocynifolia Baker,Cyanthillium cinereum var. cinereum,Cyanthillium cinereum var. cinereum,Cyanthillium cinereum var. cinereum,Cyanthillium cinereum (L.) H.Rob.,"Humbertacalia apocynifolia (Baker) Rabarim., Callm. & J.Calvo","Humbertacalia apocynifolia (Baker) Rabarim., Callm. & J.Calvo",Cyanthillium,Humbertacalia
943842,Asplenium bidentatum Willd.,Asplenium erosum var. erosum,Asplenium erosum var. erosum,Asplenium erosum var. erosum,Asplenium erosum L.,Hymenasplenium laetum (Sw.) L.Regalado & Prada,Hymenasplenium laetum (Sw.) L.Regalado & Prada,Asplenium,Hymenasplenium
946513,Galactia formosa (Griseb.) Stuck. ex Seckt,Nanogalactia heterophylla (Gillies ex Hook.) L.P.Queiroz,Nanogalactia heterophylla (Gillies ex Hook.) L.P.Queiroz,Nanogalactia heterophylla (Gillies ex Hook.) L.P.Queiroz,Nanogalactia heterophylla (Gillies ex Hook.) L.P.Queiroz,Collaea argentina Griseb.,Collaea argentina Griseb.,Nanogalactia,Collaea
946514,Collaea argentina Griseb.,Nanogalactia heterophylla (Gillies ex Hook.) L.P.Queiroz,Nanogalactia heterophylla (Gillies ex Hook.) L.P.Queiroz,Nanogalactia heterophylla (Gillies ex Hook.) L.P.Queiroz,Nanogalactia heterophylla (Gillies ex Hook.) L.P.Queiroz,Collaea argentina Griseb.,Collaea argentina Griseb.,Nanogalactia,Collaea
946516,Collaea formosa Griseb.,Nanogalactia heterophylla (Gillies ex Hook.) L.P.Queiroz,Nanogalactia heterophylla (Gillies ex Hook.) L.P.Queiroz,Nanogalactia heterophylla (Gillies ex Hook.) L.P.Queiroz,Nanogalactia heterophylla (Gillies ex Hook.) L.P.Queiroz,Collaea argentina Griseb.,Collaea argentina Griseb.,Nanogalactia,Collaea
1119755,Orbignya agrestis (Barb.Rodr.) Burret,Attalea microcarpa Mart.,Attalea microcarpa Mart.,,,Attalea sagotii (Trail ex Thurn) Wess.Boer,Attalea sagotii (Trail ex Thurn) Wess.Boer,,Attalea
1126176,Listrostachys pescatoriana (Lindl.) S.Moore,Oeoniella polystachys (Thouars) Schltr.,Oeoniella polystachys (Thouars) Schltr.,Oeoniella polystachys (Thouars) Schltr.,Oeoniella polystachys (Thouars) Schltr.,Listrostachys pertusa (Lindl.) Rchb.f.,Listrostachys pertusa (Lindl.) Rchb.f.,Oeoniella,Listrostachys
1131926,Canistrum lindenii (Regel) Mez,Hohenbergia augusta (Vell.) É.Morren,Hohenbergia augusta (Vell.) É.Morren,Hohenbergia augusta (Vell.) É.Morren,Hohenbergia augusta (Vell.) É.Morren,Edmundoa lindenii (Regel) Leme,Edmundoa lindenii (Regel) Leme,Hohenbergia,Edmundoa
1157215,Malveopsis spicata var. normalis Kuntze,Malvastrum americanum (L.) Torr.,Malvastrum americanum (L.) Torr.,Malvastrum americanum (L.) Torr.,Malvastrum americanum (L.) Torr.,Melochia spicata (L.) Fryxell,Melochia spicata (L.) Fryxell,Malvastrum,Melochia
1157217,Melochia spicata (L.) Fryxell,Malvastrum americanum (L.) Torr.,Malvastrum americanum (L.) Torr.,Malvastrum americanum (L.) Torr.,Malvastrum americanum (L.) Torr.,Melochia spicata (L.) Fryxell,Melochia spicata (L.) Fryxell,Malvastrum,Melochia
1157218,Visenia spicata (L.) Colla,Malvastrum americanum (L.) Torr.,Malvastrum americanum (L.) Torr.,Malvastrum americanum (L.) Torr.,Malvastrum americanum (L.) Torr.,Melochia spicata (L.) Fryxell,Melochia spicata (L.) Fryxell,Malvastrum,Melochia
1157221,Malveopsis spicata (L.) Kuntze,Malvastrum americanum (L.) Torr.,Malvastrum americanum (L.) Torr.,Malvastrum americanum (L.) Torr.,Malvastrum americanum (L.) Torr.,Melochia spicata (L.) Fryxell,Melochia spicata (L.) Fryxell,Malvastrum,Melochia
1157222,Malvastrum spicatum (L.) A.Gray,Malvastrum americanum (L.) Torr.,Malvastrum americanum (L.) Torr.,Malvastrum americanum (L.) Torr.,Malvastrum americanum (L.) Torr.,Melochia spicata (L.) Fryxell,Melochia spicata (L.) Fryxell,Malvastrum,Melochia
1158491,Vigna stipulacea (Lam.) Kuntze,Pueraria montana var. lobata (Willd.) Maesen & S.M.Almeida ex Sanjappa & Predeep,Pueraria montana var. lobata (Willd.) Maesen & S.M.Almeida ex Sanjappa & Predeep,Pueraria montana var. lobata (Willd.) Maesen & S.M.Almeida ex Sanjappa & Predeep,Pueraria montana (Lour.) Merr.,Vigna stipulacea (Lam.) Kuntze,Vigna stipulacea (Lam.) Kuntze,Pueraria,Vigna
1168432,Cumulopuntia berteroi (Colla) F.Ritter,Eriosyce subgibbosa (Haw.) Katt.,Eriosyce subgibbosa (Haw.) Katt.,Eriosyce subgibbosa (Haw.) Katt.,Eriosyce subgibbosa (Haw.) Katt.,Cumulopuntia berteroi (Colla) F.Ritter,Cumulopuntia berteroi (Colla) F.Ritter,Eriosyce,Cumulopuntia
1168440,Opuntia berteroi (Colla) A.E.Hoffm.,Eriosyce subgibbosa (Haw.) Katt.,Eriosyce subgibbosa (Haw.) Katt.,Eriosyce subgibbosa (Haw.) Katt.,Eriosyce subgibbosa (Haw.) Katt.,Cumulopuntia berteroi (Colla) F.Ritter,Cumulopuntia berteroi (Colla) F.Ritter,Eriosyce,Cumulopuntia
1168441,Echinocactus berteroi (Colla) Gay,Eriosyce subgibbosa (Haw.) Katt.,Eriosyce subgibbosa (Haw.) Katt.,Eriosyce subgibbosa (Haw.) Katt.,Eriosyce subgibbosa (Haw.) Katt.,Cumulopuntia berteroi (Colla) F.Ritter,Cumulopuntia berteroi (Colla) F.Ritter,Eriosyce,Cumulopuntia
1176528,Caesalpinia pyramidata (Mill.) Martyn,Cenostigma gaumeri (Greenm.) Gagnon & G.P.Lewis,Cenostigma gaumeri (Greenm.) Gagnon & G.P.Lewis,Cenostigma gaumeri (Greenm.) Gagnon & G.P.Lewis,Cenostigma gaumeri (Greenm.) Gagnon & G.P.Lewis,Erythrostemon yucatanensis var. yucatanensis,Erythrostemon yucatanensis (Greenm.) Gagnon & G.P.Lewis,Cenostigma,Erythrostemon
1177074,Arenaria arctica var. hondoensis (Ohwi) H.Hara,Cherleria arctica (Steven ex Ser.) A.J.Moore & Dillenb.,Cherleria arctica (Steven ex Ser.) A.J.Moore & Dillenb.,Cherleria arctica (Steven ex Ser.) A.J.Moore & Dillenb.,Cherleria arctica (Steven ex Ser.) A.J.Moore & Dillenb.,Minuartia hondoensis (Ohwi) Ohwi,Minuartia hondoensis (Ohwi) Ohwi,Cherleria,Minuartia
1177783,Arctium majus subsp. intermedium (Lange) Nyman,Cousinia chlorocephala C.A.Mey. ex DC.,Cousinia chlorocephala C.A.Mey. ex DC.,Cousinia chlorocephala C.A.Mey. ex DC.,Cousinia chlorocephala C.A.Mey. ex DC.,Arctium nemorosum Lej.,Arctium nemorosum Lej.,Cousinia,Arctium
1177784,Lappa intermedium (Lange) Lange,Cousinia chlorocephala C.A.Mey. ex DC.,Cousinia chlorocephala C.A.Mey. ex DC.,Cousinia chlorocephala C.A.Mey. ex DC.,Cousinia chlorocephala C.A.Mey. ex DC.,Arctium nemorosum Lej.,Arctium nemorosum Lej.,Cousinia,Arctium
1180126,Shawia arguta (Benth.) Britten,Camptacra gracilis (Benth.) Lander,Camptacra gracilis (Benth.) Lander,Camptacra gracilis (Benth.) Lander,Camptacra gracilis (Benth.) Lander,Olearia arguta Benth.,Olearia arguta Benth.,Camptacra,Olearia
1182316,Parahemionitis arifolia (Burm.f.) Panigrahi,Acrostichum aureum L.,Acrostichum aureum L.,Acrostichum aureum L.,Acrostichum aureum L.,Hemionitis arifolia (Burm.f.) T.Moore,Hemionitis arifolia (Burm.f.) T.Moore,Acrostichum,Hemionitis
1182317,Gymnogramma arifolia (Burm.f.) Kuhn,Acrostichum aureum L.,Acrostichum aureum L.,Acrostichum aureum L.,Acrostichum aureum L.,Hemionitis arifolia (Burm.f.) T.Moore,Hemionitis arifolia (Burm.f.) T.Moore,Acrostichum,Hemionitis
1182318,Hemionitis arifolia (Burm.f.) T.Moore,Acrostichum aureum L.,Acrostichum aureum L.,Acrostichum aureum L.,Acrostichum aureum L.,Hemionitis arifolia (Burm.f.) T.Moore,Hemionitis arifolia (Burm.f.) T.Moore,Acrostichum,Hemionitis
1189251,Matricaria valentina (L.) L.,Porophyllum ruderale var. ruderale,Porophyllum ruderale var. ruderale,Porophyllum ruderale var. ruderale,Porophyllum ruderale (Jacq.) Cass.,Anacyclus radiatus Loisel.,Anacyclus radiatus Loisel.,Porophyllum,Anacyclus
1194935,Coprosma dentata (Elmer) Heads,Nertera granadensis var. granadensis,Nertera granadensis var. granadensis,Nertera granadensis var. granadensis,Nertera granadensis (Mutis ex L.f.) Druce,Hemiphragma heterophyllum var. dentatum (Elmer) T.Yamaz.,Hemiphragma heterophyllum Wall.,Nertera,Hemiphragma
1197443,Anoectochilus lowii T.Br.,Dossinia marmorata C.Morren,Dossinia marmorata C.Morren,Dossinia marmorata C.Morren,Dossinia marmorata C.Morren,Anoectochilus brevilabris Lindl.,Anoectochilus brevilabris Lindl.,Dossinia,Anoectochilus
1198046,Octomeria stellata (Lindl.) Spreng.,Eria javanica (Sw.) Blume,Eria javanica (Sw.) Blume,Bulbophyllum gibbosum (Blume) Lindl.,Bulbophyllum gibbosum (Blume) Lindl.,Eria stellata Lindl.,Eria stellata Lindl.,Bulbophyllum,Eria
1198048,Tainia stellata (Lindl.) Pfitzer,Eria javanica (Sw.) Blume,Eria javanica (Sw.) Blume,Bulbophyllum gibbosum (Blume) Lindl.,Bulbophyllum gibbosum (Blume) Lindl.,Eria stellata Lindl.,Eria stellata Lindl.,Bulbophyllum,Eria
1198049,Eria rugosa (Blume) Lindl.,Eria javanica (Sw.) Blume,Eria javanica (Sw.) Blume,Bulbophyllum gibbosum (Blume) Lindl.,Bulbophyllum gibbosum (Blume) Lindl.,Eria stellata Lindl.,Eria stellata Lindl.,Bulbophyllum,Eria
1198050,Pinalia fragrans (Rchb.f.) Kuntze,Eria javanica (Sw.) Blume,Eria javanica (Sw.) Blume,Bulbophyllum gibbosum (Blume) Lindl.,Bulbophyllum gibbosum (Blume) Lindl.,Eria stellata Lindl.,Eria stellata Lindl.,Bulbophyllum,Eria
1198051,Pinalia stellata (Lindl.) Kuntze,Eria javanica (Sw.) Blume,Eria javanica (Sw.) Blume,Bulbophyllum gibbosum (Blume) Lindl.,Bulbophyllum gibbosum (Blume) Lindl.,Eria stellata Lindl.,Eria stellata Lindl.,Bulbophyllum,Eria
1198052,Pinalia rugosa (Blume) Kuntze,Eria javanica (Sw.) Blume,Eria javanica (Sw.) Blume,Bulbophyllum gibbosum (Blume) Lindl.,Bulbophyllum gibbosum (Blume) Lindl.,Eria stellata Lindl.,Eria stellata Lindl.,Bulbophyllum,Eria
1198053,Pinalia striolata (Rchb.f.) Kuntze,Eria javanica (Sw.) Blume,Eria javanica (Sw.) Blume,Bulbophyllum gibbosum (Blume) Lindl.,Bulbophyllum gibbosum (Blume) Lindl.,Eria stellata Lindl.,Eria stellata Lindl.,Bulbophyllum,Eria
1214971,Dupatya vaginata (Körn.) Kuntze,Syngonanthus fischerianus (Bong.) Ruhland,Syngonanthus fischerianus (Bong.) Ruhland,Syngonanthus fischerianus (Bong.) Ruhland,Syngonanthus fischerianus (Bong.) Ruhland,Paepalanthus vaginatus Körn.,Paepalanthus vaginatus Körn.,Syngonanthus,Paepalanthus
1223569,Vilfa frondosa C.Presl,Agrostis castellana Boiss. & Reut.,Agrostis castellana Boiss. & Reut.,Agrostis castellana Boiss. & Reut.,Agrostis castellana Boiss. & Reut.,Polypogon viridis (Gouan) Breistr.,Polypogon viridis (Gouan) Breistr.,Agrostis,Polypogon
1258051,Feuilleea terminalis Kuntze,Albizia polycephala (Benth.) Killip,Albizia polycephala (Benth.) Killip,Pseudalbizzia polycephala (Benth.) E.J.M.Koenen & Duno,Pseudalbizzia polycephala (Benth.) E.J.M.Koenen & Duno,"Hydrochorea pedicellaris (DC.) M.V.B.Soares, Iganci & M.P.Morim","Hydrochorea pedicellaris (DC.) M.V.B.Soares, Iganci & M.P.Morim",Pseudalbizzia,Hydrochorea
1267973,Chrysoxylon vinhatico Casar.,Dimorphandra exaltata Schott,Dimorphandra exaltata Schott,Dimorphandra exaltata Schott,Dimorphandra exaltata Schott,Plathymenia reticulata Benth.,Plathymenia reticulata Benth.,Dimorphandra,Plathymenia
1269746,Eruca vesicaria var. stenocarpa (Boiss. & Reut.) Thell.,Eruca vesicaria (L.) Cav.,Eruca vesicaria (L.) Cav.,Eruca vesicaria (L.) Cav.,Eruca vesicaria (L.) Cav.,Erucastrum nasturtiifolium subsp. nasturtiifolium,Erucastrum nasturtiifolium (Poir.) O.E.Schulz,Eruca,Erucastrum
1269750,Eruca sativa var. stenocarpa (Boiss. & Reut.) Coss.,Eruca vesicaria (L.) Cav.,Eruca vesicaria (L.) Cav.,Eruca vesicaria (L.) Cav.,Eruca vesicaria (L.) Cav.,Erucastrum nasturtiifolium subsp. nasturtiifolium,Erucastrum nasturtiifolium (Poir.) O.E.Schulz,Eruca,Erucastrum
1269757,Eruca sativa subsp. stenocarpa (Boiss. & Reut.) Maire,Eruca vesicaria (L.) Cav.,Eruca vesicaria (L.) Cav.,Eruca vesicaria (L.) Cav.,Eruca vesicaria (L.) Cav.,Erucastrum nasturtiifolium subsp. nasturtiifolium,Erucastrum nasturtiifolium (Poir.) O.E.Schulz,Eruca,Erucastrum
1272406,Haplanthus tentaculatus var. neilgherryensis (Wight) C.B.Clarke,Haplanthodes Kuntze,Haplanthodes Kuntze,Haplanthodes Kuntze,,Haplanthodes neilgherryensis (Wight) R.B.Majumdar,Haplanthodes neilgherryensis (Wight) R.B.Majumdar,,Haplanthodes
1272408,Bremekampia neilgherryensis (Wight) Sreem.,Haplanthodes Kuntze,Haplanthodes Kuntze,Haplanthodes Kuntze,,Haplanthodes neilgherryensis (Wight) R.B.Majumdar,Haplanthodes neilgherryensis (Wight) R.B.Majumdar,,Haplanthodes
1272446,Harrisia serruliflora (Haw.) Lourteig,Harrisia divaricata (Lam.) Backeb.,Harrisia divaricata (Lam.) Backeb.,Harrisia divaricata (Lam.) Backeb.,Harrisia divaricata (Lam.) Backeb.,Serrulatocereus serruliflorus (Haw.) Guiggi,Serrulatocereus serruliflorus (Haw.) Guiggi,Harrisia,Serrulatocereus
1272448,Serrulatocereus serruliflorus (Haw.) Guiggi,Harrisia divaricata (Lam.) Backeb.,Harrisia divaricata (Lam.) Backeb.,Harrisia divaricata (Lam.) Backeb.,Harrisia divaricata (Lam.) Backeb.,Serrulatocereus serruliflorus (Haw.) Guiggi,Serrulatocereus serruliflorus (Haw.) Guiggi,Harrisia,Serrulatocereus
1273836,Robinsonia guianensis (Aubl.) J.F.Gmel.,Quiina guianensis Aubl.,Quiina guianensis Aubl.,Quiina guianensis Aubl.,Quiina guianensis Aubl.,Touroulia guianensis Aubl.,Touroulia guianensis Aubl.,Quiina,Touroulia
1281492,× Rowleyara hildmannii (Hildm.) P.V.Heath,Disocactus crenatus subsp. kimnachii (Bavo) M.Á.Cruz & S.Arias,Disocactus crenatus subsp. kimnachii (Bavo) M.Á.Cruz & S.Arias,Disocactus crenatus subsp. kimnachii (Bavo) M.Á.Cruz & S.Arias,Disocactus crenatus (Lindl.) M.Á.Cruz & S.Arias,× Disoselenicereus hildmannii (Hildm.) M.H.J.van der Meer,× Disoselenicereus hildmannii (Hildm.) M.H.J.van der Meer,Disocactus,× Disoselenicereus
1293015,Anemonoides soyensis (H.Boissieu) Holub,Anemonastrum flaccidum (Fr.Schmidt) Mosyakin,Anemonastrum flaccidum (Fr.Schmidt) Mosyakin,Anemonastrum flaccidum (Fr.Schmidt) Mosyakin,Anemonastrum flaccidum (Fr.Schmidt) Mosyakin,Anemonoides soyensis (H.Boissieu) Holub,Anemonoides soyensis (H.Boissieu) Holub,Anemonastrum,Anemonoides
1295584,Maquira grandifolia (Trécul) Baill. ex Benth. & Hook.f.,Maquira guianensis subsp. guianensis,Maquira guianensis subsp. guianensis,Maquira guianensis subsp. guianensis,Maquira guianensis Aubl.,Perebea guianensis subsp. guianensis,Perebea guianensis Aubl.,Maquira,Perebea
1297510,Cirsium horridum (Adams) Petr.,Centaurea benedicta var. benedicta,Centaurea benedicta var. benedicta,Centaurea benedicta var. benedicta,Centaurea benedicta (L.) L.,"Lophiolepis horrida (Adams) Bureš, Del Guacchio, Iamonico & P.Caputo","Lophiolepis horrida (Adams) Bureš, Del Guacchio, Iamonico & P.Caputo",Centaurea,Lophiolepis
1297958,Placus membranaceus (DC.) Kuntze,Pluchea paniculata var. paniculata,Pluchea paniculata var. paniculata,Pluchea paniculata var. paniculata,Pluchea paniculata (Willd.) Karthik. & Moorthy,Blumea membranacea DC.,Blumea membranacea DC.,Pluchea,Blumea
